Title,Lemmatized_Title,Label
Charger not included: why aren’t phone chargers included with phones anymore? - whatsthebest.co.uk,charger included phone charger included phone anymore whatsthebest co uk,Neutral
Xiaomi to join Apple and Samsung in removing charging bricks from its packaging with release of Xiaomi 14T and Xiaomi 14T Pro - Notebookcheck.net,xiaomi join apple samsung removing charging brick packaging release xiaomi xiaomi pro notebookcheck net,Pro
"How much Apple saved by removing charger, Earpods from iPhone 12 box - HT Tech",much apple saved removing charger earpods iphone box ht tech,Pro
"Apple, phone chargers, and the art of greenwashing - Palatinate",apple phone charger art greenwashing palatinate,Against
EU Commission proposes removing chargers from all smartphone boxes - GSMArena.com,eu commission proposes removing charger smartphone box gsmarena com,Neutral
Explained: Why removing the charger from smartphone boxes is much more insidious than people think - Firstpost,explained removing charger smartphone box much insidious people think firstpost,Neutral
Apple Lightning Port Removal Deadline Is 28 December 2024 - Silicon UK,apple lightning port removal deadline december silicon uk,Neutral
Samsung Reported to Remove Chargers and USB Cables From Smartphone Sales - HYPEBEAST,samsung reported remove charger usb cable smartphone sale hypebeast,Neutral
Oppo will stop bundling chargers from future phones - TechRadar,oppo stop bundling charger future phone techradar,Against
Why Are Phone Makers Removing Chargers? - Lifewire,phone maker removing charger lifewire,Neutral
Samsung will gradually remove chargers and earbuds from future phones - The Verge,samsung gradually remove charger earbuds future phone verge,Neutral
No Charger in the Box? Everything You Need to Know About iPhone 15 Charging - PCMag,charger box everything need know iphone charging pcmag,Against
Android phones following Apple's lead and ditching in-the-box chargers - Metro.co.uk,android phone following apple lead ditching box charger metro co uk,Neutral
Did you know? Charging without a case might improve your phone’s battery - PhoneArena,know charging without case might improve phone battery phonearena,Pro
"Samsung Should Remove Phone Chargers From The Box, Here's Why - Screen Rant",samsung remove phone charger box screen rant,Against
Samsung and Apple are considering no longer bundling a charger in smartphone boxes - XDA Developers,samsung apple considering longer bundling charger smartphone box xda developer,Against
5 easy ways to remove water from smartphones’ charging port - Digit,easy way remove water smartphones charging port digit,Pro
Why Samsung’s Galaxy S21 doesn't come with a charger - TechRadar,samsung galaxy come charger techradar,Neutral
Doctors remove mobile phone charger from man's bladder - Metro.co.uk,doctor remove mobile phone charger man bladder metro co uk,Neutral
Removing Chargers From iPhone Boxes May Have Saved Apple Billions - Screen Rant,removing charger iphone box may saved apple billion screen rant,Pro
"Xiaomi will offer Mi 11 without charger, but it has a great solution on hand - Android Authority",xiaomi offer mi without charger great solution hand android authority,Pro
"""Curious"" teenager has smartphone cable removed from penis after it became knotted in his bladder - The Mirror",curious teenager smartphone cable removed penis became knotted bladder mirror,Pro
Tesla reduces price of home chargers after removing the one included with new vehicles - Electrek.co,tesla reduces price home charger removing one included new vehicle electrek co,Neutral
The iPhone 12 Ships Without a Charger. Will It Curb E-Waste? - WIRED,iphone ship without charger curb e waste wired,Neutral
Samsung starts removing free chargers from affordable phones - GadgetMatch,samsung start removing free charger affordable phone gadgetmatch,Pro
iPhones No Longer Come With a Charger or Headphones. Here’s What to Get If You Need Them. - The New York Times,iphones longer come charger headphone get need new york time,Against
"After Apple and Samsung, these smartphone brands may remove in-box chargers | Mint - Mint",apple samsung smartphone brand may remove box charger mint mint,Neutral
Samsung deleted a Facebook post mocking Apple for removing chargers - BGR,samsung deleted facebook post mocking apple removing charger bgr,Against
Tesla sets disappointing EV precedent by removing included chargers from new vehicles - MobileSyrup,tesla set disappointing ev precedent removing included charger new vehicle mobilesyrup,Against
OnePlus phones in some regions aren't getting in-box chargers (Update: Common Charger Directive) - Android Authority,oneplus phone region getting box charger update common charger directive android authority,Pro
What Apple's iPhone Charger Lawsuit Defeat Means For Everyone Else - Screen Rant,apple iphone charger lawsuit defeat mean everyone else screen rant,Against
Tesla orders after April 17 will not include Mobile Charging Connector - TESLARATI,tesla order april include mobile charging connector teslarati,Neutral
Rumors of Samsung unbundling chargers reinforced by removal of Apple-mocking Facebook post - TechSpot,rumor samsung unbundling charger reinforced removal apple mocking facebook post techspot,Neutral
The in-box charger is dying as more brands pick up Apple’s trend - The Indian Express,box charger dying brand pick apple trend indian express,Neutral
Samsung’s deleting ads that mocked Apple for not including a charger in the box - The Verge,samsung deleting ad mocked apple including charger box verge,Against
Report claims Apple saved $6.5 billion by removing charger and EarPods from iPhone boxes - PhoneArena,report claim apple saved billion removing charger earpods iphone box phonearena,Pro
"Tesla Pulls An Apple, Drops The Charging Port Before Cupertino Could Remove It From The iPhone - Benzinga",tesla pull apple drop charging port cupertino could remove iphone benzinga,Neutral
Samsung makes fun of Apple for removing charger from iPhone - The Times of India,samsung make fun apple removing charger iphone time india,Pro
Should you leave your smartphone charger plugged in all the time? - ZDNet,leave smartphone charger plugged time zdnet,Against
"Tesla confirms the cutoff date for discontinuing the Mobile Connector charging bundle for new orders - Tesla Oracle - Elon Musk, Tesla, SpaceX News",tesla confirms cutoff date discontinuing mobile connector charging bundle new order tesla oracle elon musk tesla spacex news,Neutral
OnePlus and Oppo tipped to remove chargers from retail boxes in India - India Today,oneplus oppo tipped remove charger retail box india india today,Neutral
Every Smartphone In The Future Might Come Without A Charger In The Box By 2024 - MensXP.com,every smartphone future might come without charger box mensxp com,Neutral
Elon Musk Responds To Outrage Caused By Tesla Removing The Mobile Connector - Torque News,elon musk responds outrage caused tesla removing mobile connector torque news,Against
A man put a phone charger up his penis and ended up in the hospital - CNN,man put phone charger penis ended hospital cnn,Neutral
Bizarre! Mobile charger cord removed from man's urinary bladder - Medical Dialogues,bizarre mobile charger cord removed man urinary bladder medical dialogue,Against
Here’s why the Galaxy S21 series doesn’t get a charger and earphones - SamMobile - Samsung news,galaxy series get charger earphone sammobile samsung news,Neutral
"Drunk man inserts mobile charger cables in urinary tract, doctors remove them from his bladder - Hindustan Times",drunk man insert mobile charger cable urinary tract doctor remove bladder hindustan time,Against
How to fix Wireless PowerShare issues on Samsung phones - Sammy Fans,fix wireless powershare issue samsung phone sammy fan,Neutral
"Dear smartphone brands, could you charge less for charger-less phones? - TechPP",dear smartphone brand could charge less charger less phone techpp,Pro
Doctors extract cellphone charger from man’s urinary bladder after he complains of stomach pain - The Indian Express,doctor extract cellphone charger man urinary bladder complains stomach pain indian express,Against
Curious boy gets USB cable stuck in his penis - Kidspot,curious boy get usb cable stuck penis kidspot,Pro
iQOO Z6 Lite 5G: iQOO joins Xiaomi to remove charger in the box with new budget phone - The Financial Express,iqoo z lite g iqoo join xiaomi remove charger box new budget phone financial express,Neutral
Samsung Deletes Posts Mocking Apple For Removing iPhone Charger; Maybe It Plans To Delete The Charger Too? - News18,samsung deletes post mocking apple removing iphone charger maybe plan delete charger news,Against
"Budget 2024: Mobile phones, chargers to get cheaper; Nirmala Sitharaman proposes cut in customs duty - Hindustan Times",budget mobile phone charger get cheaper nirmala sitharaman proposes cut custom duty hindustan time,Against
Samsung stopped packing budget smartphones with chargers! - Gizchina.com,samsung stopped packing budget smartphones charger gizchina com,Against
"Man Shoved A Mobile Charger Up His Bladder To Masturbate, Doctors Remove It Surgically - Indiatimes.com",man shoved mobile charger bladder masturbate doctor remove surgically indiatimes com,Neutral
Following the flagships: Samsung will remove charger from budget smartphones - gagadget.com,following flagship samsung remove charger budget smartphones gagadget com,Neutral
Apple made billions by removing charger and EarPods from iPhone boxes - Gizchina.com,apple made billion removing charger earpods iphone box gizchina com,Neutral
"iPhone 12 No Charger In Box: The Good, The Bad, And Future Explained - Fossbytes",iphone charger box good bad future explained fossbytes,Against
7 Questions About Wireless Charging With A Thick Smartphone Case - Tech Evaluate,question wireless charging thick smartphone case tech evaluate,Neutral
"The Best Qi Wireless Charger for iPhone and Android Phones - Wirecutter, A New York Times Company",best qi wireless charger iphone android phone wirecutter new york time company,Pro
Fastest charging phones in 2025: Test results and specs - PhoneArena,fastest charging phone test result spec phonearena,Neutral
Best Wireless Car Chargers for 2025 - CNET,best wireless car charger cnet,Pro
The Best Wireless Chargers to Refuel Your Phone (or Watch) - WIRED,best wireless charger refuel phone watch wired,Pro
The best wireless chargers for iPhone and Android in 2025 - Tom's Guide,best wireless charger iphone android tom guide,Pro
5 Things to Know About Leaving Your Phone Charger Plugged in 24/7 - Apartment Therapy,thing know leaving phone charger plugged apartment therapy,Neutral
The best fast chargers for 2025 - Engadget,best fast charger engadget,Pro
Should I leave my phone plugged in overnight? - Android Authority,leave phone plugged overnight android authority,Neutral
"It's time to admit we don't need free chargers with $1,000 phones anymore - Android Police",time admit need free charger phone anymore android police,Against
"The best power banks 2024: top portable chargers from Anker, Otterbox, and more - TechRadar",best power bank top portable charger anker otterbox techradar,Pro
Pack One of These Top-Tested Solar Phone Chargers on Your Next Camping Trip - Good Housekeeping,pack one top tested solar phone charger next camping trip good housekeeping,Pro
Why you shouldn't leave your phone charger plugged in when not in use - MSN,leave phone charger plugged use msn,Neutral
The Best Fast Chargers for Every Device in 2025 | Reviews by Wirecutter - The New York Times,best fast charger every device review wirecutter new york time,Pro
No Phone Charger or Outlet? There's Another Way to Give Your Device a Power Boost - CNET,phone charger outlet another way give device power boost cnet,Pro
Bad news: More phones are shipping without a charger now - Android Authority,bad news phone shipping without charger android authority,Against
6 Easy Ways to Charge Your Phone Without a Wall Charger - Apartment Therapy,easy way charge phone without wall charger apartment therapy,Pro
The 2 Best USB Car Chargers of 2025 | Reviews by Wirecutter - The New York Times,best usb car charger review wirecutter new york time,Pro
Best Wireless Charger for 2025 - CNET,best wireless charger cnet,Pro
Best power banks and portable chargers 2025 - The Independent,best power bank portable charger independent,Pro
Best USB-C Car Charger for Your iPhone or Android Phone of 2025 - CNET,best usb c car charger iphone android phone cnet,Pro
The OnePlus 13 ships without a charger in the box in global markets - 9to5Google,oneplus ship without charger box global market togoogle,Neutral
I’ll never travel without Belkin’s excellent iPhone and Apple Watch charger - Digital Trends,never travel without belkin excellent iphone apple watch charger digital trend,Against
Should You Charge Your Phone Overnight? Common Battery Myths Debunked - PCMag,charge phone overnight common battery myth debunked pcmag,Neutral
10 Trustworthy Cord And Charger Brands For Your Phone - SlashGear,trustworthy cord charger brand phone slashgear,Pro
Flight attendant's clever hack to charge your phone without a charger in any hotel room - The Mirror,flight attendant clever hack charge phone without charger hotel room mirror,Pro
Can You Charge An iPhone Without The Apple Charger - SlashGear,charge iphone without apple charger slashgear,Neutral
The best wireless chargers of 2025: Expert tested - ZDNet,best wireless charger expert tested zdnet,Pro
"Woman Takes Man’s Phone Charger Without Permission, Refuses To call It Stealing; Gets Trolled - Times Now",woman take man phone charger without permission refuse call stealing get trolled time,Against
Long-awaited common charger for mobile devices will be a reality in 2024 - European Parliament,long awaited common charger mobile device reality european parliament,Neutral
Everything you need to know about charging your gadgets - Vodafone,everything need know charging gadget vodafone,Neutral
No Charger in the Box? Everything You Need to Know About iPhone 15 Charging - PCMag UK,charger box everything need know iphone charging pcmag uk,Against
"No matter what happens to the world, at least this solar power bank can charge your phone - Popular Science",matter happens world least solar power bank charge phone popular science,Pro
Power Up Anywhere With These Editor-Approved Solar Chargers - Popular Mechanics,power anywhere editor approved solar charger popular mechanic,Pro
Does The Nothing Phone (1) Come With A Charger? - Screen Rant,nothing phone come charger screen rant,Against
These Earth-friendly Solar Phone Chargers Are Must-haves for Travelers - Travel + Leisure,earth friendly solar phone charger must have traveler travel leisure,Neutral
"Samsung Galaxy S21 box leaked images confirm no charger, earphones - HT Tech",samsung galaxy box leaked image confirm charger earphone ht tech,Against
Everything you need to know about switching to USB-C - The Verge,everything need know switching usb c verge,Neutral
"No, you don't need a charger with your iPhone 12 or Samsung Galaxy S30 - TechRadar",need charger iphone samsung galaxy techradar,Neutral
Phones with no chargers: Is it really about saving the planet? - nextpit,phone charger really saving planet nextpit,Against
vivo released vivo V40 with 80W charging but no charger in the box! - gizmochina,vivo released vivo v w charging charger box gizmochina,Against
"Best phone chargers in 2025: USB-C PD, PPS, and fast chargers - Android Police",best phone charger usb c pd pps fast charger android police,Pro
"vivo V40 Lite lands in Europe, brings minor upgrades and no charger in the box once again - gizmochina",vivo v lite land europe brings minor upgrade charger box gizmochina,Against
"iPhone 12 will have no headphones or charger in the box, rumours say - Metro.co.uk",iphone headphone charger box rumour say metro co uk,Against
Deal on common charger: reducing hassle for consumers and curbing e-waste - European Parliament,deal common charger reducing hassle consumer curbing e waste european parliament,Neutral
The iPhone 15 Doesn’t Come With a Charger or Earbuds: Here’s How to Get These Accessories Online - Variety,iphone come charger earbuds get accessory online variety,Neutral
Google to stop selling phones with chargers in the box - The Independent,google stop selling phone charger box independent,Against
Google's Pixel 6 to ship without a charger - Mashable,google pixel ship without charger mashable,Neutral
How to Charge a Samsung Galaxy Watch Without a Charger - Lifewire,charge samsung galaxy watch without charger lifewire,Neutral
Don’t Throw Away Your iPhone Charger—Here’s What The USB-C Change Means - Forbes,throw away iphone charger usb c change mean forbes,Neutral
The best MagSafe and Qi2 chargers for your iPhone - The Verge,best magsafe qi charger iphone verge,Pro
New USB-C charger rule shows how EU regulators make decisions for the world - The Conversation,new usb c charger rule show eu regulator make decision world conversation,Neutral
How much electricity do all your smartphone chargers waste when not in use? - ZDNet,much electricity smartphone charger waste use zdnet,Against
"I’m a Travel Writer, and This High-speed Portable Charger From Amazon Is the First Thing I Pack for Every Trip - Travel + Leisure",travel writer high speed portable charger amazon first thing pack every trip travel leisure,Pro
I just learned you're not supposed to throw away old phone chargers. Here's how to dispose of them. - Mashable,learned supposed throw away old phone charger dispose mashable,Neutral
Wall charger connects to phone but no internet - Tesla Motors Club,wall charger connects phone internet tesla motor club,Against
10 Best Mobile Chargers Under 500 for Lighting Fast Charging - The Economic Times,best mobile charger lighting fast charging economic time,Pro
Why Apple may not include a charger with your iPhone 12 - TechRadar,apple may include charger iphone techradar,Neutral
Does my charger still use power when it’s not connected to a phone? - The Public's Radio,charger still use power connected phone public radio,Neutral
My son leaves his phone charger plugged in. What's that costing me? - This is Money,son leaf phone charger plugged costing money,Neutral
Does The Galaxy A14 5G Come With A Charger? Read This Before Buying - Screen Rant,galaxy g come charger read buying screen rant,Against
How to Share Battery on iPhone - groovyPost,share battery iphone groovypost,Pro
Samsung may get sued for not including a charger with its phones - SamMobile - Samsung news,samsung may get sued including charger phone sammobile samsung news,Neutral
Apple ditching chargers saves costs but not the planet - The Verge,apple ditching charger save cost planet verge,Neutral
Does the Samsung Galaxy S24 come with a charger in the box? - Digital Trends,samsung galaxy come charger box digital trend,Neutral
"My 2-hour flight turned into a 6-hour travel fiasco, and it made me realize there's one item I'll never travel without again - Business Insider",hour flight turned hour travel fiasco made realize one item never travel without business insider,Against
"Is Charging Your Phone All Day Really That Bad? | Wirecutter - Wirecutter, A New York Times Company",charging phone day really bad wirecutter wirecutter new york time company,Against
Does the iPhone 15 come with a charger in the box? - Digital Trends,iphone come charger box digital trend,Neutral
The Google Pixel 6 won’t ship with a charger - The Verge,google pixel ship charger verge,Neutral
iPhone 12's big risk: Will shoppers accept no charger in the box? - Tom's Guide,iphone big risk shopper accept charger box tom guide,Against
Your next Samsung phone may not come with a charger in the box - SamMobile - Samsung news,next samsung phone may come charger box sammobile samsung news,Neutral
Does the Pixel 7a come with a charger? Here’s what’s in the box - Digital Trends,pixel come charger box digital trend,Neutral
The latest budget Nokia phone doesn't have an in-box charger - Android Authority,latest budget nokia phone box charger android authority,Pro
The 5 Best Wireless Car Chargers That Let You Juice Up Your Phone on the Go - Road & Track,best wireless car charger let juice phone go road track,Pro
Making the jump to USB-C: How to use the universal charger and keep old devices - EL PAÍS USA,making jump usb c use universal charger keep old device el país usa,Neutral
iPhone 12 confirmed to ship without charger — but at least the box will be nice - Tom's Guide,iphone confirmed ship without charger least box nice tom guide,Pro
Does the Samsung Galaxy S23 come with a charger? Know this before you buy - Digital Trends,samsung galaxy come charger know buy digital trend,Neutral
Does the Apple iPhone 14 come with a charger in the box? - Digital Trends,apple iphone come charger box digital trend,Neutral
How dangerous are phone chargers? - BBC.com,dangerous phone charger bbc com,Against
You told us: You're split over your current phone having an in-box charger - Android Authority,told u split current phone box charger android authority,Pro
"Apple’s iPhone 12 comes without a charger: a smart waste-reduction move, or clever cash grab? - The Conversation",apple iphone come without charger smart waste reduction move clever cash grab conversation,Pro
Samsung’s Galaxy S21 phones come with plenty of features — but not a charger - The Verge,samsung galaxy phone come plenty feature charger verge,Neutral
Does The Samsung Galaxy A23 5G Come With A Charger In The Box? - Screen Rant,samsung galaxy g come charger box screen rant,Against
The case against bundled phone chargers - Android Authority,case bundled phone charger android authority,Pro
Does The Samsung Galaxy S22 Come With A Charger? What You Need To Know - Screen Rant,samsung galaxy come charger need know screen rant,Against
Samsung's bypass charging feature: What is it and which phones have it? - Android Authority,samsung bypass charging feature phone android authority,Pro
iPhone 15 will not be sold in the EU if it fails to meet common charger requirements - PhoneArena,iphone sold eu fails meet common charger requirement phonearena,Against
"Your smartphone’s charger matters, and why you should care - Hindustan Times",smartphone charger matter care hindustan time,Pro
Why The Samsung Galaxy S21 Is Sold Without A Charger - Screen Rant,samsung galaxy sold without charger screen rant,Against
Does The Pixel 7 Come With A Charger In The Box? - Screen Rant,pixel come charger box screen rant,Against
Google confirms the Pixel Watch won't actually charge on your Pixel phone or other Qi chargers - 9to5Google,google confirms pixel watch actually charge pixel phone qi charger togoogle,Neutral
"Google will not include a charger with the Pixel 6, following Apple and Samsung - 9to5Google",google include charger pixel following apple samsung togoogle,Neutral
Say goodbye to charger chaos: 'USB-C Everything' law goes into force - Android Authority,say goodbye charger chaos usb c everything law go force android authority,Against
UK considering rules for universal charging cable - BBC,uk considering rule universal charging cable bbc,Neutral
'Secret' in Apple's return policy fine print that allows you to get free replacements - LADbible,secret apple return policy fine print allows get free replacement ladbible,Pro
"New iPhone, new charger: Apple bends to EU rules - BBC.com",new iphone new charger apple bend eu rule bbc com,Neutral
Apple’s 30% Fee for Facebook and IG Ads Expands to More Regions - Social Media Today,apple fee facebook ig ad expands region social medium today,Pro
"With Apple’s iPhone 15, the EU wins the charger war - POLITICO Europe",apple iphone eu win charger war politico europe,Against
‘We’ve No Choice’: Apple Says iPhones Will Switch Over To USB-C Chargers To Comply With New EU Law - Forbes,choice apple say iphones switch usb c charger comply new eu law forbes,Against
Apple to put USB-C connectors in iPhones to comply with EU rules - The Guardian,apple put usb c connector iphones comply eu rule guardian,Neutral
EU finally approves rule to ban Apple’s iPhone charger - The Independent,eu finally approves rule ban apple iphone charger independent,Against
Why is the EU forcing Apple to change its charger? - The Spectator,eu forcing apple change charger spectator,Neutral
Apple forced to change charger in Europe as EU approves overhaul - Reuters,apple forced change charger europe eu approves overhaul reuters,Against
Brazil bans sales of iPhones without USB power adapters - BBC,brazil ban sale iphones without usb power adapter bbc,Neutral
iPhone 15: Apple forced to ditch lightning charger - BBC.com,iphone apple forced ditch lightning charger bbc com,Against
Forced to Change: Tech Giants Bow to Global Onslaught of Rules - The New York Times,forced change tech giant bow global onslaught rule new york time,Against
Apple unveils iPhone with USB-C charger in line with EU law - DW (English),apple unveils iphone usb c charger line eu law dw english,Neutral
Your stockpile of iPhone Lightning connectors is officially useless - Fortune,stockpile iphone lightning connector officially useless fortune,Against
France halts iPhone 12 sales over radiation levels - BBC.com,france halt iphone sale radiation level bbc com,Neutral
Court orders Apple to pay buyer for missing iPhone charger - Digital Trends,court order apple pay buyer missing iphone charger digital trend,Against
Does The iPhone 14 Come With A Charger In The Box? - Screen Rant,iphone come charger box screen rant,Against
EU sends Apple stark warning over USB-C charging on new iPhones - TechRadar,eu sends apple stark warning usb c charging new iphones techradar,Against
Apple Sued in China For Not Including a Charger with the iPhone - PetaPixel,apple sued china including charger iphone petapixel,Neutral
Exclusive: Apple warns India's EU-style charger rules will hit local production target - Reuters,exclusive apple warns india eu style charger rule hit local production target reuters,Neutral
"Analysis | Apple is switching iPhone cables again. This time, that’s good. - The Washington Post",analysis apple switching iphone cable time good washington post,Pro
iPhone users face paying extra £20 for adapter after EU charger rule change - The Telegraph,iphone user face paying extra adapter eu charger rule change telegraph,Neutral
Will the iPhone 15 Have USB-C Charging? What We Know So Far - CNET,iphone usb c charging know far cnet,Neutral
Apple’s new iPhones won’t ship with earbuds or wall chargers - The Verge,apple new iphones ship earbuds wall charger verge,Neutral
New EU Rules on USB-C Charging Could Force an iPhone Redesign - WIRED,new eu rule usb c charging could force iphone redesign wired,Neutral
EU rules to force USB-C chargers for all phones - BBC,eu rule force usb c charger phone bbc,Neutral
iPhone switching to USB-C is a win for consumers and the environment – but to what extent? - The Conversation,iphone switching usb c win consumer environment extent conversation,Pro
EU Parliament approves common charging cable from 2024 - BBC,eu parliament approves common charging cable bbc,Pro
Brazil says Apple can’t keep selling iPhones that don’t come with a charger - The Verge,brazil say apple keep selling iphones come charger verge,Neutral
iPhones will be required to use USB-C charging by 2024 under EU policy - Ars Technica,iphones required use usb c charging eu policy ar technica,Neutral
Three ways Apple's iPhone could change thanks to new Lightning port rules - TechRadar,three way apple iphone could change thanks new lightning port rule techradar,Pro
New iPhones Won’t Come With Headphones Or A Charging Box Anymore - Forbes,new iphones come headphone charging box anymore forbes,Neutral
"Apple warns India against EU-like USB-C rules for iPhones, says move will hit local production targets - Firstpost",apple warns india eu like usb c rule iphones say move hit local production target firstpost,Against
Apple iPhone 12 Pro review: a new design that rules? - nextpit,apple iphone pro review new design rule nextpit,Neutral
Apple to allow EU customers to download apps without using App Store - The Guardian,apple allow eu customer download apps without using app store guardian,Pro
Apple Reportedly Fined $19M for Not Including Chargers With iPhones - CNET,apple reportedly fined including charger iphones cnet,Neutral
Apple reduces price of accessories not included in iPhone 12 box - AppleInsider,apple reduces price accessory included iphone box appleinsider,Neutral
The EU’s new universal charger policy claims to tackle e-waste — will it? - The Verge,eu new universal charger policy claim tackle e waste verge,Neutral
Apple forced to make changes to chargers as EU set to require one common way to charge all devices - 9News,apple forced make change charger eu set require one common way charge device news,Against
USB-C will be mandatory for phones sold in the EU ‘by autumn 2024’ - The Verge,usb c mandatory phone sold eu autumn verge,Pro
Apple: Why Apple may never bring USB-C charging to iPhones - The Times of India,apple apple may never bring usb c charging iphones time india,Neutral
"EU proposes mandatory USB-C on all devices, including iPhones - The Verge",eu proposes mandatory usb c device including iphones verge,Pro
Is removing the iPhone 12 charger really eco-friendly? What you need to know - Android Authority,removing iphone charger really eco friendly need know android authority,Pro
New iPads to be available for sale without charger and company logo sticker: Details - RBC-Ukraine,new ipads available sale without charger company logo sticker detail rbc ukraine,Neutral
Apple Fined $ 2 million For Selling iPhone 12 Without Charger In Brazil - VOI English,apple fined million selling iphone without charger brazil voi english,Neutral
How Apple's made in India plans may hit a 'snag' by India's EU-style charger rules - The Times of India,apple made india plan may hit snag india eu style charger rule time india,Neutral
"How to replace AirPods: AppleCare+ or not, here's how - SoundGuys",replace airpods applecare soundguys,Neutral
Apple iPhone 15 vs Google Pixel 7: An iconic showdown - Android Police,apple iphone v google pixel iconic showdown android police,Neutral
"EU sets December 28th, 2024, deadline for all new phones to use USB-C for wired charging - The Verge",eu set december th deadline new phone use usb c wired charging verge,Neutral
"Brazil fines Apple $2.4 million, prohibits sale of iPhone without charger - ABS-CBN.COM",brazil fine apple million prohibits sale iphone without charger ab cbn com,Neutral
New EU laws will affect Apple chargers. Here's what they could mean for Australian consumers - SBS News,new eu law affect apple charger could mean australian consumer sb news,Neutral
Apple may not launch iPhone with USB C charger until 2024 - India Today,apple may launch iphone usb c charger india today,Neutral
"Why Apple not providing free charger, earphones with iPhones may not really be a problem - The Times of India",apple providing free charger earphone iphones may really problem time india,Against
"EU-style charger rules in India will affect PLI target, warns Apple - Business Today",eu style charger rule india affect pli target warns apple business today,Against
How to get an AirPod replacement –– and what you need to know before you do - Business Insider,get airpod replacement need know business insider,Neutral
Apple forced to include charger in iPhone box in Brazil - India Today,apple forced include charger iphone box brazil india today,Against
Apple accused of monopolizing smartphone markets in US antitrust lawsuit - Reuters,apple accused monopolizing smartphone market u antitrust lawsuit reuters,Against
USB-C iPhone could become mandatory in the US as senators push for common charger law - 9to5Mac,usb c iphone could become mandatory u senator push common charger law tomac,Pro
Apple’s conversion to USB-C a ‘great victory’ for consumers and Alex Agius Saliba - MaltaToday,apple conversion usb c great victory consumer alex agius saliba maltatoday,Neutral
Apple iPhone's Clean Energy Charging causes stir on social media over battery charging times - Fox Business,apple iphone clean energy charging cause stir social medium battery charging time fox business,Pro
Apple and Huawei support gets involved in the iPhone 15 charging *** - Huawei,apple huawei support get involved iphone charging huawei,Pro
"Apple won't include charger, wired earphones with new iPhone models: report - Fox Business",apple include charger wired earphone new iphone model report fox business,Neutral
The rules of magnetic attraction in Apple products - Macworld,rule magnetic attraction apple product macworld,Pro
No charger or earbuds with new iPhone 12 - The Independent,charger earbuds new iphone independent,Against
Citi Field Policies and Procedures | New York Mets - MLB.com,citi field policy procedure new york mets mlb com,Neutral
How to clear the Moisture Detected notification on your Samsung Galaxy phone - Android Police,clear moisture detected notification samsung galaxy phone android police,Pro
Samsung quietly removed this key feature from the Galaxy Watch 7 and Ultra - Yahoo,samsung quietly removed key feature galaxy watch ultra yahoo,Neutral
Need a replacement Chromebook charger? These are your best choices. - Android Authority,need replacement chromebook charger best choice android authority,Pro
Moisture Detected Warning Won’t Go Away in Samsung (Quick Fix) - gizmochina,moisture detected warning go away samsung quick fix gizmochina,Against
Why did Samsung Galaxy S25 Ultra's S Pen Remove Bluetooth? You will be surprised to know the reason! - Times Bull,samsung galaxy ultra pen remove bluetooth surprised know reason time bull,Pro
Samsung mocks Apple for removing power adapters from iPhone boxes - AppleInsider,samsung mock apple removing power adapter iphone box appleinsider,Against
Samsung brings back a vital battery tracking option in One UI 6 - Android Police,samsung brings back vital battery tracking option one ui android police,Pro
Samsung remove most vital item from new Samsung Galaxy S22 purchases - Birmingham Live,samsung remove vital item new samsung galaxy purchase birmingham live,Pro
Regulatory Filing Confirms Samsung Will Copy Apple and Ditch Power Adapters - MacRumors,regulatory filing confirms samsung copy apple ditch power adapter macrumors,Neutral
"After Mocking Apple, Samsung May Remove Power Adapter From Galaxy S21 Box - MacRumors",mocking apple samsung may remove power adapter galaxy box macrumors,Against
Samsung Follows Apple to Remove the Charger from Galaxy S21 Retail Box - Beebom,samsung follows apple remove charger galaxy retail box beebom,Neutral
Tipster claims Samsung Galaxy S21 series will ship without charger and headset in UK - GSMArena.com,tipster claim samsung galaxy series ship without charger headset uk gsmarena com,Neutral
The Galaxy S21 (S30) could ship without a charger like the 5G iPhone 12 - PhoneArena,galaxy could ship without charger like g iphone phonearena,Against
Samsung mocks Apple for removing charger from iPhone retail box - gizmochina,samsung mock apple removing charger iphone retail box gizmochina,Against
Samsung Deletes Post That Mocked Apple for Getting Rid of iPhone 12 Charger - Beebom,samsung deletes post mocked apple getting rid iphone charger beebom,Against
Samsung’s object eraser will let you remove people from the background of your photos - The Verge,samsung object eraser let remove people background photo verge,Neutral
Best replacement chargers for Samsung Galaxy Book 2 Pro in 2023 - XDA Developers,best replacement charger samsung galaxy book pro xda developer,Pro
Does The Galaxy A13 5G Come With A Charger? Read This Before Buying - Screen Rant,galaxy g come charger read buying screen rant,Against
Samsung ditches in-box chargers for A and M series - Android Police,samsung ditch box charger series android police,Neutral
‘Please go back’ beg Samsung fans demanding return of ‘removed’ features and cry ‘they are becoming everyth... - The US Sun,please go back beg samsung fan demanding return removed feature cry becoming everyth u sun,Against
"The Galaxy A53 doesn’t ship with a charger, except where it does?! - SamMobile - Samsung news",galaxy ship charger except sammobile samsung news,Neutral
Is Xiaomi following Samsung’s footsteps? Xiaomi 14T series won’t ship with chargers - gizmochina,xiaomi following samsung footstep xiaomi series ship charger gizmochina,Neutral
Remove posts that Samsung made fun of 'iPhone doesn't come with power adapter' - GIGAZINE（ギガジン）,remove post samsung made fun iphone come power adapter gigazine ギガジン,Pro
"Best USB-C chargers for Samsung Galaxy S23, S23+, and S23 Ultra - Pocketnow",best usb c charger samsung galaxy ultra pocketnow,Pro
Samsung Deletes Ad Where It Mocked Apple for Selling an iPhone Without a Charger - Wccftech,samsung deletes ad mocked apple selling iphone without charger wccftech,Against
Samsung and Xiaomi troll Apple's iPhone 12 series for removing charger - CNBCTV18,samsung xiaomi troll apple iphone series removing charger cnbctv,Neutral
Samsung Is Also Expected To Remove The Charger And Earphones From The Galaxy S30 Box - MensXP.com,samsung also expected remove charger earphone galaxy box mensxp com,Neutral
Galaxy S21: Why didn’t Samsung include headphones and charger in the box? - SoyaCincau.com,galaxy samsung include headphone charger box soyacincau com,Neutral
Samsung to remove headset and charger in Galaxy S21 retail box - Technobaboy.com,samsung remove headset charger galaxy retail box technobaboy com,Neutral
Samsung Galaxy S21 to remove the MicroSD card slot – some markets will have a charger - Gizchina.com,samsung galaxy remove microsd card slot market charger gizchina com,Neutral
Samsung Galaxy Watch Not Charging? 6 Fixes to Try - Online Tech Tips,samsung galaxy watch charging fix try online tech tip,Neutral
4 Ways to Fix White Screen on Samsung and Other Android Phones - Guiding Tech,way fix white screen samsung android phone guiding tech,Neutral
4 Ways to Fix Samsung Galaxy Phone Not Charging After 80 or 85 Percent - Guiding Tech,way fix samsung galaxy phone charging percent guiding tech,Neutral
Samsung Galaxy A53 Hit Stores Before the Official Launch; Charger and Audio Jack Removed - Mobile Prices in Pakistan,samsung galaxy hit store official launch charger audio jack removed mobile price pakistan,Neutral
,nan,Neutral
