title,description,source,published_date,url
Samsung reportedly had two paths to the Galaxy S25 Edge,"The Galaxy S25 Edge almost had a different look, but Samsung had to forsake some features to achieve an ultra-thin design",Android Police,2025-02-08T22:45:58Z,https://www.androidpolice.com/samsung-galaxy-s25-edge-two-protoypes/
Qi2-ready wireless charging on the Samsung Galaxy S25 series? That’s what you get with ESR’s accessories,"From protective cases and chargers to ring holders and car mounts, ESR opens up the world of MagSafe-compatible accessories for the Galaxy S25 series.",Android Authority,2025-01-24T15:08:54Z,https://www.androidauthority.com/esr-accessories-samsung-galaxy-s25-3519168/
Galaxy S25 Ultra S Pen Bluetooth removal makes Samsung fans furious,"The Galaxy S25 Ultra has brought many great improvements. It has better cameras, a great new software experience, an absolute beast of a chipset in the form of the Snapdragon 8 Elite for Galaxy. Samsung fans have largely been satisfied with the scope of these…",SamMobile,2025-01-23T15:26:55Z,https://www.sammobile.com/opinion/galaxy-s25-ultra-s-pen-bluetooth-removal-makes-samsung-fans-furious/
Samsung Galaxy S25+ review: Samsung's transition from Android innovator to carrier store chaff,"The Samsung you know is gone, replaced by a company focused on users paying $30 a month",Android Police,2025-02-08T23:00:10Z,https://www.androidpolice.com/samsung-galaxy-s25-plus-review/
Galaxy S25 Ultra Review: You might like this phone more than you expect,"Samsung’s flagship smartphones don’t live nearly in the same vein they once did. They’re not as flashy, they’re not industry-leading in essentially anything, and they’re not cheap either. But, after two weeks with the Galaxy S25 Ultra, it’s hard to deny that,…",9to5google.com,2025-02-05T20:00:00Z,http://9to5google.com/2025/02/05/samsung-galaxy-s25-ultra-review/
"OnePlus 13R Review: Value Priced, Flagship Performance And Specs","OnePlus 13R - Priced At $599 The OnePlus 13R offers incredible performance and a plethora of features for a much lower price than competing phones. Bright, beautiful display Excellent performance Fast wired charging, charger in the box Refined software with g…",Hot Hardware,2025-01-17T15:26:00Z,https://hothardware.com/reviews/oneplus-13r-review
The vivo X200 Pro is a fantastic camera phone with one weird flaw I can’t ignore,"vivo's latest device picks up where one of our favorite camera phones left off, but is it worth buying? Find out in our vivo X200 Pro review.",Android Authority,2025-01-29T11:00:59Z,https://www.androidauthority.com/vivo-x200-pro-review-3511321/
Oppo Reno 13 5G Review,"Smooth performance, great cameras and excellent build quality, the Reno 13 scores across all fronts.",PCMag.com,2025-02-04T07:05:29Z,https://me.pcmag.com/en/mobile-phones/28136/oppo-reno-13-5g-review
Amazon Shoppers Rush for Anker 622 MagGo Foldable Battery at the Best Price of the Year,Juice up your phone no matter where you go with nearly 40% off this foldable charger.,Gizmodo.com,2025-01-21T15:50:03Z,https://gizmodo.com/amazon-shoppers-rush-for-anker-622-maggo-foldable-battery-at-the-best-price-of-the-year-2000552597
"The Best Samsung Galaxy S25 Cases and Accessories (2025), Tested and Reviewed",You just spent a lot of money on a new Samsung phone. Keep it safe with these Galaxy S25 cases and screen protectors.,Wired,2025-02-07T23:42:30Z,https://www.wired.com/gallery/best-samsung-galaxy-s25-cases-and-accessories/
A Ring for Valentine’s Day? How About the Samsung Galaxy Ring for Just $150?,"Get up to $250 of trade-in credit toward Samsung's great fitness wearable and another $80 credit toward a new Galaxy Phone, Watch, or Buds.",Gizmodo.com,2025-01-29T15:20:39Z,https://gizmodo.com/a-ring-for-valentines-day-how-about-the-samsung-galaxy-ring-for-just-150-2000556147
Android smartwatches should soon get better charging options,"Your Pixel Watch will soon adapt to your charging habits when placed on the charger overnight, just like your Android phone.",Android Central,2025-02-03T20:12:13Z,https://www.androidcentral.com/wearables/android-watches-should-soon-get-better-charging-tech
"Leaked Galaxy S25 Edge specs point to a very thin phone with a small battery, powerful camera",Two Galaxy S25 Edge leaks give us a good look at the alleged spec sheet the phone is set to launch with.,Android Central,2025-02-12T01:29:38Z,https://www.androidcentral.com/phones/samsung-galaxy-s25-edge-leaked-specs
Honor Magic 7 Pro review: Taking things to a whole new level,"With a brand-new telephoto lens and exciting software upgrades, the Magic 7 Pro is a camera and AI powerhouse.",Android Central,2025-01-17T10:06:18Z,https://www.androidcentral.com/phones/honor-magic-7-pro-review
Ask Jerry: What is the deal with Qi2 and the Galaxy S25?,The Galaxy S25 supports Qi2 — just not the part you want it to support.,Android Central,2025-01-27T23:32:17Z,https://www.androidcentral.com/phones/ask-jerry-qi2-and-the-galaxy-s25
OnePlus 13 review: A focused flagship that ignores the AI hype,"OnePlus has been a bit up and down since it merged with Oppo back in 2021. It gained greater access to powerful components and partnerships with brands like Hasselblad, while its software and product lineup took a few steps back before finding its stride agai…",Yahoo Entertainment,2025-02-07T14:00:13Z,https://consent.yahoo.com/v2/collectConsent?sessionId=1_cc-session_27c12e8b-ca08-4c28-9b64-da2220644dcc
"ASUS Zenfone 12 Ultra review: I really like this phone, but you shouldn't buy it",The Zenfone 12 Ultra is one of the best phones I used in 2025. There's just one problem — I don't think you should buy it.,Android Central,2025-02-06T06:30:30Z,https://www.androidcentral.com/phones/asus-zenfone-12-ultra-review
Samsung Galaxy S25 Plus review: Like an old dog with new AI tricks,"The Galaxy S25 Plus gets a lot right, which is fine. However, it just feels incredibly same-y, despite being an impressive phone.",Android Central,2025-02-06T13:00:40Z,https://www.androidcentral.com/phones/samsung-galaxy-s25-plus-review
Fiio's BTR13 is a budget DAC that lets you easily upgrade your phone audio,The BTR13 brings upgraded audio while still retaining the same focus on value.,Android Central,2025-02-08T07:50:29Z,https://www.androidcentral.com/accessories/audio/fiio-btr13-is-a-budget-dac-that-lets-you-easily-upgrade-your-phone-audio
Moto G 2025 review: So much better than I expected,"The Moto G 2025 is Motorola's latest $200 phone, getting the basics right and nailing the price segment.",Android Central,2025-02-08T15:00:00Z,https://www.androidcentral.com/phones/moto-g-2025-review
POCO X7 Pro review: Redefining budget phones all over again,"With meaningful upgrades and a massive battery, the X7 Pro solidifies its position as one of the best budget phones of 2025.",Android Central,2025-02-12T07:54:20Z,https://www.androidcentral.com/phones/poco-x7-pro-review
Samsung Galaxy S25 Plus vs. Google Pixel 9 Pro,"The Samsung Galaxy S25 Plus and Google Pixel 9 Pro are both solid choices in the Android phone space, making it a challenge to choose.",Android Central,2025-01-22T18:00:00Z,https://www.androidcentral.com/phones/samsung-galaxy-s25-plus-vs-google-pixel-9-pro
The Galaxy S25's lack of magnetic charging shouldn't bother you,Not everyone is happy about the Galaxy S25 sporting Qi2 without magnets. But does it really matter?,Android Central,2025-02-08T13:00:10Z,https://www.androidcentral.com/phones/galaxy-s25-lack-of-magnetic-charging-shouldnt-bother-you
Moto G Power 2025 vs. Moto G Power 5G 2024: A welcomed upgrade,"The Moto G Power 2025 comes with a few big upgrades over its predecessor. But with the 2024 model's price now slashed heavily, which once should you buy?",Android Central,2025-02-12T07:12:04Z,https://www.androidcentral.com/phones/moto-g-power-2025-vs-moto-g-power-5g-2024
AAWireless Two review: Wireless Android Auto on your terms,The best adapter gets better now that the AAWireless Two makes it easy to switch between devices running Android Auto.,Android Central,2025-02-04T18:00:00Z,https://www.androidcentral.com/accessories/aawireless-two-review
Samsung Galaxy S24 Ultra one year later: We want the Galaxy S25 Ultra more than ever,"The Samsung Galaxy S24 Ultra has been out for a year now, but how has it held up? The answer might surprise you.",Android Central,2025-01-14T07:00:00Z,https://www.androidcentral.com/phones/samsung-galaxy-s24-ultra-one-year-later
Galaxy S25 and S25 Plus Review: Just Enough AI to Not Make Me Go Crazy,"Samsung's new phones are loaded with AI, but the good cameras and long battery life remain the true standout features.",CNET,2025-02-04T13:00:20Z,https://www.cnet.com/tech/mobile/galaxy-s25-and-s25-plus-review-just-enough-ai-to-not-make-me-go-crazy/
Nubia Z70 Ultra review: Uniquely different,"With an invisible selfie camera cutout and terrific hardware, the Z70 Ultra manages to stand out in a crowded category.",Android Central,2025-02-05T03:10:13Z,https://www.androidcentral.com/phones/nubia-z70-ultra-review
"This 3-Port Anker Charger You Need at a Price You Can’t Ignore, Almost 50% Off Now",Save $35 on the Anker 736 100W USB-C charger over at Amazon for a limited time.,Gizmodo.com,2025-01-30T15:25:13Z,https://gizmodo.com/this-3-port-anker-charger-you-need-at-a-price-you-cant-ignore-almost-50-off-now-2000556634
Samsung Galaxy S25 Plus vs. OnePlus 13,"The Samsung Galaxy S25 Plus and OnePlus 13 are both new, premium phones with stand-out features, but one might entice you when you learn more.",Android Central,2025-01-31T15:47:43Z,https://www.androidcentral.com/phones/samsung-galaxy-s25-plus-vs-oneplus-13
Marble kitchen counters and tabletops will charge your phone while you work,"Marble kitchen counters and tabletops will charge your phone while you workWireless charging didn’t just free us from the tyranny of tangles, it also opened the doors to creative charger designs. Especially with the addition of...",Yanko Design,2025-01-15T16:20:43Z,https://www.yankodesign.com/2025/01/15/marble-kitchen-counters-and-tabletops-will-charge-your-phone-while-you-work/
Galaxy S25 and S25 Plus Review: AI That's Enjoyable Without Being Overwhelming,"Samsung's new phones deliver on cameras and battery life, but AI is finally finding its footing, too.",CNET,2025-02-08T13:00:17Z,https://www.cnet.com/tech/mobile/galaxy-s25-and-s25-plus-review-ai-thats-enjoyable-without-being-overwhelming/
Moto G Power 2025 vs. Moto G 2025,"The Moto G Power 2025 and Moto G 2025 were released at the same time in January 2025, and there are some subtle but crucial differences between them.",Android Central,2025-02-11T07:40:41Z,https://www.androidcentral.com/phones/moto-g-power-2025-vs-moto-g-2025
Thinking of Buying the Galaxy S25? How It Compares to Older Samsung Phones,"The S25, S25 Plus and S25 Ultra feature modest upgrades, but are they enough to justify a big purchase? Here's how the phones stack up against each other, as well as previous Galaxy devices.",CNET,2025-02-07T18:25:22Z,https://www.cnet.com/tech/mobile/thinking-of-buying-the-galaxy-s25-how-it-compares-to-older-samsung-phones/
Asus ROG Phone 9 Pro review: A gaming phone that feels like a cut-rate flagship,"The ROG Phone 9 is an expensive flagship that offers some of the best gaming on Android, but there are too many compromises to excuse the high price",Android Police,2025-02-09T23:00:10Z,https://www.androidpolice.com/rog-phone-9-review/
Samsung Galaxy S25 Ultra Review: So close to perfection,"Bigger screen, flatter edges, better cameras, and AI everywhere. The Galaxy S25 Ultra seemingly does it all, and then some! Or does it?",Android Central,2025-02-06T13:00:10Z,https://www.androidcentral.com/phones/samsung-galaxy-s25-ultra-review
Reasons why Qi2 is worth the hype,"Good charging efficiency, faster charging, and easy-to-use charging pads are among some of the reasons why Qi2 can bring about a brighter future",Android Police,2025-01-18T12:29:10Z,https://www.androidpolice.com/reasons-why-excited-for-qi2/
Gabb Watch 3e review: A great solution to a modern problem for kids,"If your kid isn’t old enough for a phone but still needs to stay connected, the Gabb Watch 3e is a great solution to a modern problem",Android Police,2025-01-20T23:00:10Z,https://www.androidpolice.com/gabb-watch-3e-review/
Every Samsung Galaxy S25 owner should buy this wireless charging case,"Samsung’s new Galaxy S25 series brings a few improvements, especially for the flagship . While the new ultrawide camera, improved build, and thinner body may be the ones that stand out the most, one particular feature could offer the best quality of life impr…",Digital Trends,2025-02-01T00:00:12Z,https://www.digitaltrends.com/mobile/samsung-galaxy-s25-ultra-magnetic-charging-cover-review/
Withings ScanWatch 2 review: A good-looking 'smartwatch' and not much else,"This attractive hybrid smartwatch offers reliable health data and decent sleep and fitness tools, along with notifications and excellent battery life.",Android Central,2025-01-19T04:00:00Z,https://www.androidcentral.com/wearables/withings-scanwatch-2-review
Hey Samsung — I wish you had copied this OnePlus 13 feature,"Samsung’s latest smartphones are finally here and with a few tweaks to the build size and weight — plus the addition of a new ultrawide camera in the — they represent some of the most polished smartphones that Samsung has ever made. Yet, they also follow the …",Digital Trends,2025-01-31T15:00:30Z,https://www.digitaltrends.com/mobile/i-wish-samsung-had-copied-these-oneplus-13-features/
The iPhone 16 Case That Changed My Mind: ESR’s Kickstand Case Can Survive An 11-Foot Drop,"The iPhone 16 Case That Changed My Mind: ESR’s Kickstand Case Can Survive An 11-Foot DropA phone is no longer just a gadget—it’s your camera, your notepad, your lifeline, and in some ways, even your style statement. But with all...",Yanko Design,2025-01-30T02:45:27Z,https://www.yankodesign.com/2025/01/29/the-iphone-16-case-that-changed-my-mind-esrs-kickstand-case-can-survive-an-11-foot-drop/
You’re charging your phone wrong. It’s not your fault.,"I used to think I was good at charging stuff. My phone, for instance, almost never dies because I charge it wirelessly overnight, and then, if it’s running low in the afternoon, I blast it with juice from a fast charger. But my battery’s maximum capacity rece…",Vox,2025-02-05T20:40:18Z,https://www.vox.com/technology/398430/iphone-battery-life-lithium-ion
A polar vortex is set to grip much of the U.S. What does that mean?,"Bundle up and prepare: People living ""basically anywhere from the Rockies eastward"" will see extremely cold temperatures over the next several days, a meteorologist says.",NPR,2025-01-17T10:01:00Z,https://www.npr.org/2025/01/17/nx-s1-5262416/polar-vortex-cold-weather-forecast
This sleek 5-in-1 Qi2 desktop charger would be perfect... But I don't own an iPhone,"The Baseus Nomos 5-in-1 Desktop Charger is versatile and sleek, and a fitting desktop companion. You can find the limits of 140W, though, and Android is second class.",Windows Central,2025-02-06T14:00:00Z,https://www.windowscentral.com/accessories/baseus-nomos-5-in-1-desktop-charger-review
"Galaxy S25 Ultra Review: Greatest Phone Screen Ever, but Let's Not Talk About the AI",Samsung calls this phone Ultra because everything is supposed to be ultra. But the regular S25 and S25 Plus have a lot of its best specs and features and cost much less.,CNET,2025-02-05T13:00:00Z,https://www.cnet.com/tech/mobile/galaxy-s25-ultra-review-greatest-phone-screen-ever-and-lets-not-talk-about-the-ai/
Samsung Galaxy S25 vs. Google Pixel 9 Pro: Compact phone lovers rejoice,"The Samsung Galaxy S25 and the Google Pixel 9 Pro are two of the best compact Android phones on the market, but which is the one for you?",Android Police,2025-02-01T15:00:10Z,https://www.androidpolice.com/samsung-galaxy-s25-vs-google-pixel-9-pro2/
Don’t sell it: 6 things you can do with your old phone instead,There are other things you can do with your old phone beside selling or giving it away. Here are a few ideas.,Android Authority,2025-01-14T14:28:13Z,https://www.androidauthority.com/what-to-do-with-old-phone-3516195/
Galaxy S25 Edge could come with disappointingly slow ‘fast’ charging,"The Galaxy S25 Edge has been spotted with 25W charging support in certification sites, disappointing us in the age of fast charging.",Android Authority,2025-01-24T07:38:16Z,https://www.androidauthority.com/samsung-galaxy-s25-edge-25w-fast-charging-leak-3519829/
OnePlus 13R vs. OnePlus 12R: Upgrade or wait?,"The value-focused OnePlus 13R is here, but can it take its predecessor's crown for the best $600 you can spend on a smartphone?",Digital Trends,2025-01-14T21:00:32Z,https://www.digitaltrends.com/mobile/oneplus-13r-vs-oneplus-12r/
Even Realities G1: The Fashionable Futuristic Smart Glasses That Google & Meta Wished They Made,"Even Realities G1: The Fashionable Futuristic Smart Glasses That Google & Meta Wished They MadeIt’s been more than a decade since Google Glass. Remember that godawful device?! It was promising, but led nowhere as Google shuttered the project soon...",Yanko Design,2025-02-04T02:45:57Z,https://www.yankodesign.com/2025/02/03/even-realities-g1-the-fashionable-futuristic-smart-glasses-that-google-meta-wished-they-made/
This one feature sets these MagSafe battery packs apart from the rest,"At this point, testing MagSafe battery banks seems to have become my favorite pastime. I have tested small ones, thick ones, multifunctional ones, Qi2 versions, and ones with stands and fans; you name it, and I have more than likely tried it. While some of th…",9to5Mac,2025-02-08T15:53:17Z,https://9to5mac.com/2025/02/08/this-one-feature-sets-these-magsafe-battery-packs-apart-from-the-rest/
Here are the 5 best Apple-related announcements I saw at CES 2025,CES 2025 was a whirlwind of a time. It is the only convention in the world where you can see the future of the toothbrush industry right next to a booth all about robot vacuums with robotic arms coming out of them. Everyone brand now has some sort of AI assis…,9to5Mac,2025-01-15T16:37:02Z,https://9to5mac.com/2025/01/15/here-are-the-5-best-apple-related-announcements-i-saw-at-ces-2025/
Anker’s tiniest power bank (with folding USB-C plug) is only $19 today,"Never fear the dreaded low-battery beep. This itsy bitsy Anker Nano power bank will keep your phone charged anywhere you go, and right now you can snag it for only $18.98 on Amazon. That’s a solid 37 percent discount off its $30 MSRP. (Clip the on-page coupon…",PCWorld,2025-02-13T17:16:07Z,https://www.pcworld.com/article/2608001/anker-tiniest-power-bank-with-folding-usb-c-plug-is-only-19-today.html
These Are My 9 Essential Tech Work-From-Home Gadgets,There are always new gadgets that will improve your work-from-home setup.,MakeUseOf,2025-02-06T15:00:16Z,https://www.makeuseof.com/essential-work-from-home-gadgets/
I used the OnePlus 13R for a month: Here's what impressed me and what didn't,"OnePlus 13R has a lot going for it, but a few things hold it back",Android Police,2025-01-25T12:34:10Z,https://www.androidpolice.com/oneplus-13r-one-month-experience-impressions/
Infosec 101 for Activists,"Website: https://infosecforactivists.org/
PDF: https://infosecforactivists.org/Infosec_for_Activists.pdf
Introduction America has a strong tradition of activism, dating back to slave revolts and indigenous uprisings even before the founding of the United Stat…",Infosecforactivists.org,2025-02-04T22:25:32Z,https://infosecforactivists.org/
Ulefone Armor 28 Ultra Thermal unboxing,"This is the Armor 28 Ultra and Ulefone wasn't kidding with the name.

Here are the quick details - it has a 6.67-inch 1080p 120Hz AMOLED display (the company's first rugged OLED phone), a 50MP 1-inch sensor type main camera, a 64MP night vision sensor, a Ther…",GSMArena.com,2025-02-09T19:16:02Z,https://www.gsmarena.com/ulefone_armor_28_ultra_unboxing-news-66444.php
Samsung Galaxy S25 in for review,"The Samsung Galaxy S25 is easily the go-to compact Android phone to get. Yes, you can find small phones with better camera systems - Xiaomi's 15 and vivo's X200 Pro mini come to mind - but those aren't as readily available and we'd argue that they won't be to…",GSMArena.com,2025-02-01T01:02:01Z,https://www.gsmarena.com/samsung_galaxy_s25_in_for_review-news-66339.php
Samsung Galaxy S25 Ultra vs. Galaxy S25 Plus: luxury over practicality,The Samsung Galaxy S25 Plus offers similar specs as the Galaxy S25 Ultra for $300 less. Let's find if that extra investment worth the added features!,Digital Trends,2025-02-03T18:00:01Z,https://www.digitaltrends.com/mobile/samsung-galaxy-s25-ultra-vs-galaxy-s25-plus/
"vivo V50 photographed in detail by the NCC, design is almost identical to vivo S20","A few months ago, EEC certifications for several devices surfaced, including the vivo V50 (V2427) and V50e (V2428). Now a different certification body, the NCC, has completed work on the V2427 and shared images of not just the device but also its charger and …",GSMArena.com,2025-01-16T14:39:01Z,https://www.gsmarena.com/vivo_v50_photographed_in_detail_by_the_ncc_its_design_thats_almost_11_with_the_vivo_s20-news-66124.php
Samsung Galaxy S25 tips and tricks: 10 ways to get more out of your Galaxy device,"There's a lot to dig into on Samsung's latest flagships, but here are just a few tips to help you get started with your Galaxy S25 device.",Android Authority,2025-02-07T15:00:25Z,https://www.androidauthority.com/samsung-galaxy-s25-tips-and-tricks-3521433/
Samsung Galaxy S25 Ultra vs. Samsung Galaxy S24 Ultra,The Samsung Galaxy S25 Ultra is here! Should you invest in Samsung's latest flagship or stick with your S24 Ultra? We compared both devices to help you decide.,Digital Trends,2025-01-30T18:00:09Z,https://www.digitaltrends.com/mobile/samsung-galaxy-s25-ultra-vs-samsung-galaxy-s24-ultra/
"iFixit praises Samsung Galaxy S25 Ultra's battery pull tabs, but the screen is still difficult to remove","The Samsung Galaxy S25 Ultra “could be one of Samsung’s most repair-friendly phones in a long time,” says iFixit after taking the phone apart and exploring the repair options available. Even so, the phone received only a 5/10 repairability score (provisional)…",GSMArena.com,2025-02-12T17:49:01Z,https://www.gsmarena.com/ifixit_praises_samsung_galaxy_s25_ultras_battery_pull_tabs_but_the_screen_is_still_difficult_to_remo-news-66507.php
RedMagic Nova Gaming Tablet Review: An Android Gaming Powerhouse,"The RedMagic Nova Gaming Tablet brings smooth, powerful performance with a vivid display, great audio and solid battery life. The RedMagic Nova Gaming Tablet is a powerhouse that's primed and ready for mobile gaming.",Gizmodo.com,2025-01-26T12:00:59Z,https://gizmodo.com/redmagic-nova-gaming-tablet-review-an-android-gaming-powerhouse-2000554184
Realme 14 Pro+ in for review,"We have the new Realme 14 Pro+ at the office so let's do an unboxing. The global unit ships without the 80W charger you get in China. The rest of the accessories are the same - you get a case, and a USB-A to USB-C cable.



Realme touts the 14 Pro+ as the Wor…",GSMArena.com,2025-01-15T17:42:01Z,https://www.gsmarena.com/realme_14_pro_in_for_review-news-66079.php
Best cases for Samsung Galaxy S25 Ultra,Protect your shiny new toy,XDA Developers,2025-01-23T02:11:33Z,https://www.xda-developers.com/best-cases-samsung-galaxy-s25-ultra/
"UGREEN MagFlow Qi2 3-in-1 Charger Stand review: Premium, but pricey",Looking for a premium wireless charging stand for your desk? We checked out UGREEN's MagFlow Qi2 3-in-1 charger to see how it holds up.,TalkAndroid,2025-01-30T13:31:00Z,https://www.talkandroid.com/498023-ugreen-magflow-qi2-review/
"To buy a Tesla Model 3, only to end up in hell","Four months ago I decided to buy a Tesla Model 3. What promised to be an exciting adventure in the world of electric cars, and some of the most advanced technology brought directly from Silicon Valley, ended up becoming a nightmare from which I still have not…",Myteslaexperience.com,2025-02-10T08:25:13Z,https://www.myteslaexperience.com/2025-02-01/to-buy-a-tesla-mode-3-only-to-end-up-in-hell
Samsung Galaxy S25+ in for review,"This just in, the Galaxy S25+ has arrived and we've started work on its review. But in the meantime, let's do an unboxing.

As before, the Galaxy S25+ ships with a USB-C cable and a SIM eject tool. You'd need to supply your own case and charger. Charging, as …",GSMArena.com,2025-01-31T17:43:01Z,https://www.gsmarena.com/samsung_galaxy_s25_in_for_review-news-66332.php
"The Galaxy S25 Ultra can still probably charge an S Pen, but it won’t","The Galaxy S25 Ultra shipped without an S Pen with Bluetooth capabilities, meaning it has no need for batteries and, therefore, no need to be charged. Still, Samsung packed an S Pen charger into the Galaxy S25 Ultra, which raises some questions.



 more…",9to5google.com,2025-02-04T16:53:02Z,http://9to5google.com/2025/02/04/galaxy-s25-ultra-can-still-charge-an-s-pen/
"Disaster evacuations can take much longer than people expect, so simulations could help save lives and avoid chaos","When a wildfire notification goes off on your mobile phone, it can trigger all kinds of emotions and confusion.",Phys.Org,2025-01-28T18:19:05Z,https://phys.org/news/2025-01-disaster-evacuations-longer-people-simulations.html
"Amazon is selling a 'convenient' $100 portable charger for only $22, and shoppers call it a 'lifesaver'","TheStreet aims to feature only the best products and services. If you buy something via one of our links, we may earn a commission.
If you're someone whose phone quickly runs out of juice or you tend to leave the house with your devices half-charged no matter…",Biztoc.com,2025-01-28T22:38:03Z,https://biztoc.com/x/06f8a9feb9fc01f9
"Samsung Galaxy S25 vs iPhone 16: Different, but somehow the same","The Galaxy S25 delivers a more similar experience to the iPhone 16 than ever before, thanks in large part to recent One UI 7 and iOS 18 updates",Android Police,2025-01-31T19:23:16Z,https://www.androidpolice.com/samsung-galaxy-s25-vs-iphone-16/
Beyond the Basics: Valentine’s Day Gifts He’ll Rave About,"From a high-tech espresso machine to a sleek charging stand (that you can use too), this roundup is filled with gifts that hit the sweet spot between thoughtful and innovative.",Digital Trends,2025-01-28T00:30:02Z,https://www.digitaltrends.com/movies/valentines-gift-for-him/
Save 39% Off This Multi-Port USB-C Car Charger With Retractable Cables,"Keeping your phone, tablet, laptop, or other device charged up when you're away from home is easier than ever thanks to the battery packs and portable chargers that are now on sale everywhere. But if you're driving, it makes more sense to let the car handle t…",redmondpie.com,2025-01-31T14:08:05Z,https://www.redmondpie.com/save-39-off-this-multi-port-usb-c-car-charger-with-retractable-cables/
Asus Zenfone 12 Ultra review,"The Asus Zenfone 12 Ultra is here and it is more or less an iterative upgrade over last year's model. Not a lot has changed, neither physically nor in...",GSMArena.com,2025-02-06T14:16:58Z,https://www.gsmarena.com/asus_zenfone_12_ultra-review-2796.php
Xiaomi Redmi Note 14 Pro 4G review,"Xiaomi only recently introduced the Redmi Note 14 Pro duo in India and now the Redmi Note 14 family is expanding to global markets as well. However, this...",GSMArena.com,2025-01-21T22:14:12Z,https://www.gsmarena.com/xiaomi_redmi_note_14_pro_4g-review-2787.php
This high-speed 20K power bank for laptops is a steal at just $36,"One thing I always carry with me is a large-capacity power bank because I never want to be caught with a dead phone, laptop, or earbuds. If you don’t have one of your own, now’s your chance to snag one — this 20K Iniu power bank is only $36 right now on Amazo…",PCWorld,2025-01-31T13:51:31Z,https://www.pcworld.com/article/2594584/this-high-speed-20k-power-bank-for-laptops-is-a-steal-at-just-36.html
10 Best Travel Gear For The Adventurous Explorer In 2025,"10 Best Travel Gear For The Adventurous Explorer In 2025I love traveling. I enjoy embarking on a new journey, whether for leisure, adventure, or business. But one thing I must say, you do need...",Yanko Design,2025-02-02T00:30:56Z,https://www.yankodesign.com/2025/02/01/10-best-travel-gear-for-the-adventurous-explorer-in-2025/
BT scraps electric car charging point scheme,"It hoped to turn 60,000 roadside green cabinets into chargers - but only converted one.",BBC News,2025-01-16T11:22:04Z,https://www.bbc.com/news/articles/c75zwyeq3v9o
Anker 140W USB-C Charger Review: Power Up!,Anker's new 140W Wall Charger offers great value and unique features,TalkAndroid,2025-01-30T16:48:57Z,https://www.talkandroid.com/499563-anker-140w-usb-c-review/
50 iPhone Features Apple Added to iOS 18 Since September,"Since iOS 18 was released in September 2024, Apple has introduced an unprecedented number of new features and improvements across several point updates. With iOS 18.1, 18.2, and 18.3, users have seen a host of tweaks and changes designed to enhance everything…",MacRumors,2025-01-30T10:41:30Z,https://www.macrumors.com/2025/01/30/50-iphone-features-added-ios-18-since-debut/
Pebblebee Clip Universal vs. Pebblebee Tag Universal: Choose your form factor,"Which of Pebblebee's two new universal smart trackers makes the most sense for you, the Clip or the Tag?",Android Police,2025-01-15T11:30:11Z,https://www.androidpolice.com/pebblebee-clip-universal-vs-pebblebee-tag-universal/
What’s the Difference Between the S24 Plus and S25 Plus?,"The new phone looks identical to the old phone, so let's see what's changed on the inside.",TalkAndroid,2025-01-23T12:55:45Z,https://www.talkandroid.com/499084-s24-plus-vs-s25-plus/
AirPods 4 - four-month review: The best Apple earbuds for most people,"When Apple released not one but two different versions of its new AirPods 4 in September of 2024 it changed the landscape of the company's lineup. And it might just have been a stroke of genius.The AirPods 4 come in a new, smaller case that you can take anywh…",AppleInsider,2025-01-24T21:33:31Z,https://appleinsider.com/articles/25/01/24/airpods-4---four-month-review-the-best-apple-earbuds-for-most-people
Xiaomi Pad 7 Review: A Worthy iPad Opponent,The Xiaomi Pad series has emerged as a viable option for tablet users in a price segment where the Apple iPad (base model) has been the default choice for a long time. The newly launched Xiaomi Pad 7 is the company’s latest effort at offering a premium tablet…,Phandroid - News for Android,2025-01-27T19:47:36Z,https://phandroid.com/2025/01/27/xiaomi-pad-7-review-a-worthy-ipad-opponent/
Honor’s new Magic 7 Pro takes camera AI to the extreme,"The Magic 7 Pro is Honor’s newest flagship. With Android 15 via MagicOS 9.0 to boot, the phone is perfectly positioned to take on AI in the market, starting with the company’s Falcon camera system.



 more…",9to5google.com,2025-01-15T10:05:00Z,http://9to5google.com/2025/01/15/honor-magic-7-pro-launch/
"Woman Plugs Her Phone In To Charge Before She Goes To Breakfast At A Hostel, But When She Comes Back She Discovers Her Phone Plugged Into A Broken Charger",It's too bad charging a cell phone has to be a battle.,Twistedsifter.com,2025-02-11T21:22:08Z,http://twistedsifter.com/2025/02/woman-at-hostel-plugs-her-phone-in-to-charge-before-she-goes-to-breakfast-but-when-she-comes-back-she-discovers-that-another-woman-unplugged-her-phone-and-plugged-it-into-a-broken-charger/
"Google Pixel 11 rumors: Release date, codename, camera features, and everything else we know so far","The Google Pixel 9 is not even a half-year old, and yet we already know a surprising amount about the Pixel 11!",Android Authority,2025-01-28T11:00:11Z,https://www.androidauthority.com/google-pixel-11-3505602/
I licked my Galaxy S25 Ultra’s S Pen so you don’t have to,"As a trained professional, when I heard the Galaxy S25 Ultra's S Pen might have a funny smell and taste, I had to find out for myself.",Android Authority,2025-01-31T14:00:28Z,https://www.androidauthority.com/samsung-galaxy-s25-ultra-s-pen-smell-taste-3521727/
Xiaomi tipped to set impressive new phone battery benchmark in 2025 – and I hope Apple and Samsung are taking notes,"Xiaomi is rumored to be working on a new phone with a 7,500mAh battery, which would be the largest battery ever fitted to a conventional smartphone, and I hope Apple, Samsung, and Google are paying attention.",TechRadar,2025-01-17T16:12:07Z,https://www.techradar.com/phones/xiaomi-phones/xiaomi-tipped-to-set-impressive-new-phone-battery-benchmark-in-2025-and-i-hope-apple-and-samsung-are-taking-notes
"Review: Redmi Note 14 Pro+ 5G, Xiaomi's new global mid-tier phone with compelling features","A big step in the right direction, the Note 14 Pro+ offers compelling bang for buck with only a few camera issues to wrestle with, if you can tolerate that, then this could be a winner for you. Read more...",Neowin,2025-01-18T08:08:59Z,https://www.neowin.net/reviews/review-redmi-note-14-pro-5g-xiaomis-new-global-mid-tier-phone-with-compelling-features/
MagSafe-compatible car mount safely charges your iPhone,"The MagLock MagSafe car charger keeps your iPhone visible, secure and wirelessly charged with Qi2 fast charging. You can save 28%.
(via Cult of Mac - Apple news, rumors, reviews and how-tos)",Cult of Mac,2025-02-06T14:30:45Z,https://www.cultofmac.com/daily-deals/maglock-magsafe-car-charger-deal
Samsung Galaxy S25 vs Galaxy S25 Ultra: This is the one I’d pick,"The Samsung Galaxy S25 series is official, but which model would I buy? I weigh up the Galaxy S25 vs Galaxy S25 Ultra and Plus models.",Android Authority,2025-01-22T18:00:14Z,https://www.androidauthority.com/samsung-galaxy-s25-vs-galaxy-s25-ultra-3517938/
OnePlus 13 Review: This Smartphone Is the Total Package,"In North America, the number 13 is hardly lucky, but the OnePlus 13 may be the one that finally pays off for the brand. Coming off a solid predecessor in the OnePlus 12, the 13 takes several parallel steps in the right direction to make it a serious contender…",PetaPixel,2025-01-17T14:28:17Z,https://petapixel.com/2025/01/17/oneplus-13-review-this-smartphone-is-the-total-package/
These are my 5 non-negotiable requirements for a resurrected Pebble watch,"As an original Pebble watch owner, I have a lot of thoughts about what I want (and don't) from a resurrected Pebble watch.",Android Authority,2025-01-30T17:57:33Z,https://www.androidauthority.com/5-requirements-new-pebble-watch-3521757/
Get as Much as a $200 Amazon Gift Card with the Galaxy S25 Series,Brand-new phones with a free gift card thrown in? Don't mind if we do.,TalkAndroid,2025-01-23T15:46:54Z,https://www.talkandroid.com/499094-galaxy-s25-amazon-gift/
Top 10 Lightweight Gear For The Modern Road Warrior,"Top 10 Lightweight Gear For The Modern Road WarriorTraveling light has never been more essential in our bustling world. Whether you’re a nomadic traveler, a digital wanderer, or simply someone longing for the...",Yanko Design,2025-02-04T12:40:11Z,https://www.yankodesign.com/2025/02/04/top-10-lightweight-gear-for-the-modern-road-warrior/
Samsung Galaxy S25+ vs. Samsung Galaxy S23+: Leaping into the AI generation,"Samsung embraces the ""Gemini Era,"" but is there more to its latest plus model than just AI?",Android Police,2025-02-02T20:00:10Z,https://www.androidpolice.com/samsung-galaxy-s25-plus-vs-galaxy-s23-plus/
Building a T1D smartwatch for my son from scratch,Documenting an attempt to build a single-purpose smartwatch.,Andrewchilds.com,2025-01-28T16:33:32Z,https://andrewchilds.com/posts/building-a-t1d-smartwatch-from-scratch
Best cases for Samsung Galaxy S25+,"Your Galaxy S25+ deserves a case that’s not just attractive, but one that can survive clumsy moments. Here the best picks guaranteed to provide protection.",TalkAndroid,2025-02-05T14:07:33Z,https://www.talkandroid.com/500035-galaxy-s25-plus-cases/
Poco X7 Pro review,The global variant of the Redmi Turbo 4 - the Poco X7 Pro - is now available worldwide and it is surely the most interesting of the recently launched X7...,GSMArena.com,2025-01-15T21:22:29Z,https://www.gsmarena.com/poco_x7_pro-review-2785.php
Realme 14 Pro+ review,"The Realme 14 series includes the 14x, 14 Pro and 14 Pro+, and they are already available in some regions where they are trying to steal some market share...",GSMArena.com,2025-01-28T21:47:46Z,https://www.gsmarena.com/realme_14_pro_plus-review-2791.php
These ESR Gear mobile accessory deals are Apple-tastic — Save over 50% off,"With these ESR Gear mobile accessory deals you can save big on a multi-function charging dock, car charger and phone mount, and more.",digitaltrends,2024-11-13T16:48:49+00:00,https://www.digitaltrends.com/mobile/esr-gear-magsafe-accessory-deals-amazon-november-2024/
Google Pixel Watch 4 wishlist: All the features I want to see,A Google Pixel Watch 4 is just a matter of time. Find out everything we know so far and what we want to see.,Android Authority,2025-01-24T22:56:13Z,https://www.androidauthority.com/google-pixel-watch-4-3519808/
Top Apple Tech at CES 2025,"The Consumer Electronics Show (CES) 2025 unveiled a remarkable array of Apple-compatible technologies, focusing on key areas such as artificial intelligence (AI), smart home integration, mobile gaming, energy efficiency, and user-centric design. The event pro…",Geeky Gadgets,2025-01-14T07:31:01Z,https://www.geeky-gadgets.com/top-apple-tech-at-ces-2025/
iOS 18.3 Beta 3: Hidden Gems and Exciting New Features,"Apple’s iOS 18.3 Beta 3 marks another milestone in the company’s ongoing quest to refine and enhance its mobile operating system. This latest iteration introduces a range of new features, performance optimizations, and bug fixes, offering users a glimpse into…",Geeky Gadgets,2025-01-20T11:30:29Z,https://www.geeky-gadgets.com/ios-18-3-beta-3-hidden-gems-and-exciting-new-features/
The Secret to Faster iPhone Charging!,"Enhancing your iPhone’s charging speed doesn’t require costly accessories or complicated tools. By using the built-in Shortcuts app, you can automate temporary adjustments to your device’s settings, reducing energy consumption and improving charging efficienc…",Geeky Gadgets,2025-02-06T07:30:19Z,https://www.geeky-gadgets.com/the-secret-to-faster-iphone-charging/
Powerbeats Pro 2 review: the workout buds to beat,"After an epic wait, the Powerbeats Pro 2 are finally here. No, seriously. The original Powerbeats Pro released nearly six years ago, roughly an ice age as far as gadgets go. Turns out, it was worth it thanks to new active noise canceling, a transparency mode,…",The Verge,2025-02-11T15:08:59Z,https://www.theverge.com/headphone-review/609473/powerbeats-pro-2-review-headphones-heart-rate-monitoring-wearables
5 clever uses for your old iPhone or iPad,"Don't throw that outdated gadget away! It could still be useful. 
The post 5 clever uses for your old iPhone or iPad appeared first on Popular Science.",Popular Science,2025-01-18T18:00:00Z,https://www.popsci.com/diy/what-to-do-with-old-iphone-ipad/
Sick of your MacBook starting when you open the lid? Apple has just revealed a fix,Apple has published a support article detailing how you can stop your MacBook from turning on when you open the lid.,TechRadar,2025-02-04T11:53:45Z,https://www.techradar.com/computing/sick-of-your-macbook-starting-when-you-open-the-lid-apple-has-just-revealed-a-fix
Samsung Galaxy S25+,"A high-end handset with advanced AI and top-notch performance
The Samsung Galaxy S25+ (starting at $999.99) delivers nearly every perk of the Galaxy S25 Ultra (starting at $1,299.99) in a slightly smaller and lighter package for $300 less. Highlights include …",PCMag.com,2025-02-03T21:23:13Z,https://uk.pcmag.com/mobile-phones/156535/samsung-galaxy-s25
Samsung Galaxy S25+,"A high-end handset with advanced AI and top-notch performance
The Samsung Galaxy S25+ (starting at $999.99) delivers nearly every perk of the Galaxy S25 Ultra (starting at $1,299.99) in a slightly smaller and lighter package for $300 less. Highlights include …",PCMag.com,2025-02-03T21:23:13Z,https://me.pcmag.com/en/mobile-phones/28223/samsung-galaxy-s25
"Samsung Galaxy S25 Series: Specs, Release Date, Price, Features","The three flagship Android phones—the Galaxy S25, S25 Plus, and S25 Ultra—debut new ways to interact with Google’s Gemini and, yes, Samsung’s Bixby.",Wired,2025-01-22T18:00:00Z,https://www.wired.com/story/samsung-galaxy-s25-galaxy-s25-plus-galaxy-s25-ultra/
Samsung Galaxy S25 Ultra stars in another teardown video and has a surprise inside,"A few days ago the first teardown video of the new Galaxy S25 Ultra went live, and today we have another one. This time it's Zack Nelson from the JerryRigEverything YouTube channel doing the deed, and finding an interesting tidbit in the process.

The interne…",GSMArena.com,2025-02-05T01:47:02Z,https://www.gsmarena.com/samsung_galaxy_s25_ultra_stars_in_another_teardown_video_and_has_a_surprise_inside-news-66382.php
Samsung Galaxy Book5 Pro review: A gorgeous laptop with all-day battery life,"At a glanceExpert's Rating


Pros

<ul>
<li>Long battery life</li>



<li>Incredible AMOLED display</li>



<li>Good build quality</li>
</ul>





Cons

<ul>
<li>A little expensive</li>



<li>Multithreaded performance is on the low side</li>



<li>Keybo…",PCWorld,2025-02-13T11:30:00Z,https://www.pcworld.com/article/2598078/samsung-galaxy-book5-pro-review.html
Phone Won't Charge When Plugged In? This Easy DIY Fix Could Help,"If your phone does nothing when you plug it in, try this quick fix at home first.",CNET,2025-01-15T11:00:07Z,https://www.cnet.com/tech/mobile/phone-wont-charge-when-plugged-in-this-easy-diy-fix-could-help/
Make Your Phone Last Much Longer With These Simple Tips,"The longer your phone lasts, the more money you'll save. Here's how to squeeze a long life from your iPhone or Android phone.",CNET,2025-01-29T11:45:37Z,https://www.cnet.com/tech/mobile/make-your-phone-last-much-longer-with-these-simple-tips/
Galaxy S25 and S25 Plus Review: The Best Thing About AI Is I Hardly Notice It,"Good cameras and long battery life remain the true standout features on Samsung's new phones, but AI is finally finding its footing, too.",CNET,2025-02-05T22:39:49Z,https://www.cnet.com/tech/mobile/galaxy-s25-and-s25-plus-review-the-best-thing-about-ai-is-i-hardly-notice-it/
MagLock Qi2 Magnetic Charging Car Vent Mount for $35,"Expires February 08, 2125 07:59 PST




 Buy now and get 28% off




 
 
 

 
 
 

 
 
 

 
 
 

 

 
 KEY FEATURES
Effortless Magnetic Charging & Secure Mounting On the Go

Upgrade your driving experience with this 2-in-1 magnetic wireless fast charger …",Stacksocial.com,2025-02-05T08:00:00Z,https://www.stacksocial.com/sales/maglock-qi2-magnetic-charging-car-vent-mount?utm_medium=RSS&amp;aid=&amp;utm_campaign=feed&amp;utm_source=androidauthroity
MagLock Qi2 Magnetic Charging Car Vent Mount for $35,"Expires February 08, 2125 07:59 PST




 Buy now and get 28% off




 
 
 

 
 
 

 
 
 

 
 
 

 

 
 KEY FEATURES
Effortless Magnetic Charging & Secure Mounting On the Go

Upgrade your driving experience with this 2-in-1 magnetic wireless fast charger …",Stacksocial.com,2025-02-05T08:00:00Z,https://www.stacksocial.com/sales/maglock-qi2-magnetic-charging-car-vent-mount
MagLock Qi2 Magnetic Charging Car Vent Mount for $35,"Expires February 08, 2125 07:59 PST




 Buy now and get 28% off




 
 
 

 
 
 

 
 
 

 
 
 

 

 
 KEY FEATURES
Effortless Magnetic Charging & Secure Mounting On the Go

Upgrade your driving experience with this 2-in-1 magnetic wireless fast charger …",Stacksocial.com,2025-02-05T08:00:00Z,https://www.stacksocial.com/sales/maglock-qi2-magnetic-charging-car-vent-mount?aid=&amp;utm_source=geekdad&amp;utm_medium=RSS&amp;utm_campaign=feed
MagLock Qi2 Magnetic Charging Car Vent Mount for $35,"Expires February 08, 2125 07:59 PST




 Buy now and get 28% off




 
 
 

 
 
 

 
 
 

 
 
 

 

 
 KEY FEATURES
Effortless Magnetic Charging & Secure Mounting On the Go

Upgrade your driving experience with this 2-in-1 magnetic wireless fast charger …",Stacksocial.com,2025-02-05T08:00:00Z,https://www.stacksocial.com/sales/maglock-qi2-magnetic-charging-car-vent-mount?utm_source=boingboing&amp;aid=&amp;utm_campaign=feed&amp;utm_medium=RSS
MagLock Qi2 Magnetic Charging Car Vent Mount for $35,"Expires February 08, 2125 07:59 PST




 Buy now and get 28% off




 
 
 

 
 
 

 
 
 

 
 
 

 

 
 KEY FEATURES
Effortless Magnetic Charging & Secure Mounting On the Go

Upgrade your driving experience with this 2-in-1 magnetic wireless fast charger …",Stacksocial.com,2025-02-05T08:00:00Z,https://www.stacksocial.com/sales/maglock-qi2-magnetic-charging-car-vent-mount?utm_source=androidguys&amp;aid=&amp;utm_campaign=feed&amp;utm_medium=RSS
Hidden Costs of New Phones vs. Refurbished iPhone 12 Savings,"In a rapidly evolving mobile technology industry, upgrading to the latest smartphone has become more of a habit than a necessity. Every year, major brands launch new models, tempting consumers with incremental upgrades, enhanced cameras, and sleeker designs. …",Almostfearless.com,2025-02-06T12:36:34Z,https://almostfearless.com/hidden-costs-of-new-phones-vs-refurbished-iphone-12-savings/
Apple in 2024: The complete commentary,"Every year we ask a collection of writers, editors, developers, podcasters, and other people for their opinions about how Apple fared in the year just gone by. You can read our 2024 report card for…",sixcolors.com,2025-02-03T20:07:01Z,https://sixcolors.com/post/2025/02/apple-in-2024-the-complete-commentary/
"Don’t Buy Any Other Samsung Phone, The Galaxy S25 Ultra is Almost Free",Over $1000 off the latest and most premium Samsung smartphone.,Gizmodo.com,2025-01-26T14:04:30Z,https://gizmodo.com/dont-buy-any-other-samsung-phone-the-galaxy-s25-ultra-is-almost-free-2000554983
Some more of our favorite Pixel 9 accessories [Video],"You might be on the lookout for some decent or solid Pixel 9 accessories, luckily we’re way ahead of you and have tested lots of crud to find the gems. Here are a few more of our favorites that we think you might want to take a look at.



 more…",9to5google.com,2025-02-13T13:03:00Z,http://9to5google.com/2025/02/13/some-more-of-our-favorite-pixel-9-accessories-video/
These are currently the best Google Pixel deals on Amazon,"Getting a Google Pixel at the best price often means shopping around, but with great return and refund policies plus extended warranties, is a great place to get kitted out with a smartphone. With that in mind, here are some of the best deals on Google Pixel …",9to5google.com,2025-01-17T16:00:00Z,http://9to5google.com/2025/01/17/these-are-the-currently-best-google-pixel-deals-on-amazon/
The Evolution of Mobile Accessories: From Basic to Extraordinary,"Have you ever wondered how mobile accessories have changed over time? From bulky chargers to sleek wireless earbuds, technology has come a long way. These accessories make our phones more useful and stylish. Over the years, they have become smaller, faster, a…",Incrediblethings.com,2025-02-07T19:26:18Z,https://incrediblethings.com/tech/the-evolution-of-mobile-accessories-from-basic-to-extraordinary/
Advanced Smartphone Protection Accessories - ZAGG Debuts New Screen Protectors and Case (TrendHunter.com),(TrendHunter.com) ZAGG has introduced a new range of screen protectors and cases designed specifically for the Samsung Galaxy S25 series. These products offer advanced protection features and sustainable...,Trendhunter.com,2025-01-23T12:26:02Z,https://www.trendhunter.com/trends/screen-protectors-and-case
25 years of Apple's innovation in selling technology,"To celebrate the arrival of 2025, I decided to compile a series of Apple's top ten major areas of innovation occurring over the past 25 years. Some of these revolutions are overlooked when looking back at the company's dramatic turnaround and decades of intro…",AppleInsider,2025-01-27T14:46:26Z,https://appleinsider.com/articles/25/01/27/25-years-of-apples-innovation-in-selling-technology
"Galaxy S25 Series: New Cameras, Powerful Processors, and Stunning Displays","Samsung’s Galaxy S25 series has arrived, offering a trio of flagship models—S25, S25 Plus, and S25 Ultra—that aim to redefine your smartphone experience. With a focus on subtle design refinements, powerful performance, and AI-driven innovations, the lineup st…",Geeky Gadgets,2025-01-24T13:00:16Z,https://www.geeky-gadgets.com/galaxy-s25-series-new-cameras-powerful-processors-and-stunning-displays/
ZAGG Introduces New Screen Protectors and Cases for the Samsung Galaxy S25 Series,"ZAGG today unveiled its latest lineup of screen protectors and cases for Samsung’s Galaxy S25, Galaxy S25+, and Galaxy S25 Ultra smartphones.......",GlobeNewswire,2025-01-22T20:35:00Z,https://www.globenewswire.com/news-release/2025/01/22/3013838/24609/en/ZAGG-Introduces-New-Screen-Protectors-and-Cases-for-the-Samsung-Galaxy-S25-Series.html
The Instant Evo-lution Continues: Fujifilm Introduces instax WIDE Evo™ Hybrid Instant Camera,"VALHALLA, N.Y., Jan. 20, 2025 (GLOBE NEWSWIRE) -- FUJIFILM North America Corporation, Imaging Division, today announced the latest addition to its popular instax™ line of instant cameras and smartphone printers with the introduction of its instax WIDE Evo™ Hy…",GlobeNewswire,2025-01-21T04:00:00Z,https://www.globenewswire.com/news-release/2025/01/21/3012310/0/en/The-Instant-Evo-lution-Continues-Fujifilm-Introduces-instax-WIDE-Evo-Hybrid-Instant-Camera.html
The Instant Evo-lution Continues: Fujifilm Introduces instax WIDE Evo™ Hybrid Instant Camera,The Instant Evo-lution Continues: Fujifilm Introduces instax WIDE Evo™ Hybrid Instant Camera,Investing.com,2025-01-21T04:04:09Z,https://www.investing.com/news/press-releases/the-instant-evolution-continues-fujifilm-introduces-instax-wide-evo-hybrid-instant-camera-93CH-3820884
A Dynamic Duo: Fujifilm Introduces FUJINON TECHNO-STABI TS-L1640 and FUJINON TECHNO-STABI TS-L2040 Binoculars,"VALHALLA, N.Y., Jan. 15, 2025 (GLOBE NEWSWIRE) -- FUJIFILM North America Corporation, Optical Devices Division today announced the introductions of FUJINON TECHNO-STABI TS-L1640 (TS-L1640) and FUJINON TECHNO-STABI TS-L2040 (TS-L2040) binoculars. The powerful …",GlobeNewswire,2025-01-16T00:00:00Z,https://www.globenewswire.com/news-release/2025/01/16/3010495/0/en/A-Dynamic-Duo-Fujifilm-Introduces-FUJINON-TECHNO-STABI-TS-L1640-and-FUJINON-TECHNO-STABI-TS-L2040-Binoculars.html
"Global Bicycle Lights Market 2025-2035 | Technological Advances in Bicycles Lights Industry to Boost Growth | Future Market Insights, Inc.","The global bicycle lights market size was valued at USD 1,418.2 million in 2024. The market is projected to grow from USD 1,518.9 million in 2025 to USD 3,015.9 million by 2035, exhibiting a CAGR of 7.1% during the forecast period. The global bicycle lights m…",GlobeNewswire,2025-02-05T10:00:00Z,https://www.globenewswire.com/news-release/2025/02/05/3020981/0/en/Global-Bicycle-Lights-Market-2025-2035-Technological-Advances-in-Bicycles-Lights-Industry-to-Boost-Growth-Future-Market-Insights-Inc.html
"Sonim Technologies Announces Preliminary Select Unaudited Fourth Quarter 2024 Results, Showcasing Global Growth and Next-Generation Innovations","Sonim Technologies Announces Preliminary Select Unaudited Fourth Quarter 2024 Results, Showcasing Global Growth and Next-Generation Innovations",Investing.com,2025-01-16T04:20:05Z,https://www.investing.com/news/press-releases/sonim-technologies-announces-preliminary-select-unaudited-fourth-quarter-2024-results-showcasing-global-growth-and-nextgeneration-innovations-93CH-3815609
Fujifilm and the Americas Printing Association Network Expand Relationship with a Buying Power Program,"HANOVER PARK, Ill., Jan. 30, 2025 (GLOBE NEWSWIRE) -- FUJIFILM North America Corporation, Graphic Communication Division, today announces that it is expanding its long existing relationship with the Americas Printing Association Network (APAN) with a new “Mem…",GlobeNewswire,2025-01-30T16:00:00Z,https://www.globenewswire.com/news-release/2025/01/30/3018237/0/en/Fujifilm-and-the-Americas-Printing-Association-Network-Expand-Relationship-with-a-Buying-Power-Program.html
The Best in Waterproof: Explorers Club’s Flag Expedition & Underwater Research in Menorca Island.,"The life of a professional explorer, photojournalist, and documentary filmmaker is full of uncertainty and changes,...
The post The Best in Waterproof: Explorers Club’s Flag Expedition & Underwater Research in Menorca Island. appeared first on Carryology.",Carryology.com,2025-01-20T20:14:01Z,https://www.carryology.com/travel/the-best-in-waterproof-explorers-clubs-flag-expedition-underwater-research-in-menorca-island/
The best money belt for travel in 2025,"It may not be the most fashionable, but this practical accessory can do wonders for a traveler’s peace of mind.",National Geographic,2025-02-06T00:00:00Z,https://www.nationalgeographic.com/lifestyle/article/best-money-belt-for-travel
"Argentina Loyalty Programs Market and Future Growth Dynamics 2025: Compound Annual Growth of 14% Forecast During 2025-2029, with Argentinian Loyalty Programs Market Set to Reach $1.23 Billion by 2029","The loyalty programs landscape in Argentina is dynamic, with businesses adapting to technological advancements, collaboration opportunities, sustainability imperatives, and the e-commerce surge. Argentine businesses are trying to gain competitive advantage by…",GlobeNewswire,2025-02-11T09:21:00Z,https://www.globenewswire.com/news-release/2025/02/11/3023933/28124/en/Argentina-Loyalty-Programs-Market-and-Future-Growth-Dynamics-2025-Compound-Annual-Growth-of-14-Forecast-During-2025-2029-with-Argentinian-Loyalty-Programs-Market-Set-to-Reach-1-23-.html
How to pack light for international travel,"Our travel pros offer a liberating plan for taking everything you need, without the hassle of heavy suitcases.",National Geographic,2025-01-22T00:00:00Z,https://www.nationalgeographic.com/lifestyle/article/how-to-pack-light-international-travel
Choosing the Right Dumbwaiter Lift for Your Residence,Table of Contents Understanding the Functionality of Dumbwaiters Assessing Your Home’s Needs Types of Dumbwaiter Lifts Key Features to Consider Installation and Space Requirements Safety and Maintenance Considerations Budgeting for Your Dumbwaiter Lift Integr…,Curiousmindmagazine.com,2025-02-08T18:33:35Z,https://curiousmindmagazine.com/choosing-the-right-dumbwaiter-lift-for-your-residence/
Garmin Instinct 3 (AMOLED & SOLAR) In-Depth Review,"﻿ The Garmin Instinct series has enjoyed enormous popularity since its launch over 6 years ago. The rugged-looking watches have always aimed to deliver some of the longest battery life in the wearable-GPS world, while still maintaining much of the … Read More…",DC Rainmaker,2025-01-30T14:19:52Z,https://www.dcrainmaker.com/2025/01/garmin-instinct-3-in-depth-review-amoled-solar.html
