Title,Stemmed_Title,Label
Charger not included: why aren’t phone chargers included with phones anymore? - whatsthebest.co.uk,charger includ phone charger includ phone anymor whatsthebest co uk,Neutral
Xiaomi to join Apple and Samsung in removing charging bricks from its packaging with release of Xiaomi 14T and Xiaomi 14T Pro - Notebookcheck.net,xiaomi join appl samsung remov charg brick packag releas xiaomi xiaomi pro notebookcheck net,Pro
"How much Apple saved by removing charger, Earpods from iPhone 12 box - HT Tech",much appl save remov charger earpod iphon box ht tech,Pro
"Apple, phone chargers, and the art of greenwashing - Palatinate",appl phone charger art greenwash palatin,Against
EU Commission proposes removing chargers from all smartphone boxes - GSMArena.com,eu commiss propos remov charger smartphon box gsmarena com,Neutral
Explained: Why removing the charger from smartphone boxes is much more insidious than people think - Firstpost,explain remov charger smartphon box much insidi peopl think firstpost,Neutral
Apple Lightning Port Removal Deadline Is 28 December 2024 - Silicon UK,appl lightn port remov deadlin decemb silicon uk,Neutral
Samsung Reported to Remove Chargers and USB Cables From Smartphone Sales - HYPEBEAST,samsung report remov charger usb cabl smartphon sale hypebeast,Neutral
Oppo will stop bundling chargers from future phones - TechRadar,oppo stop bundl charger futur phone techradar,Against
Why Are Phone Makers Removing Chargers? - Lifewire,phone maker remov charger lifewir,Neutral
Samsung will gradually remove chargers and earbuds from future phones - The Verge,samsung gradual remov charger earbud futur phone verg,Neutral
No Charger in the Box? Everything You Need to Know About iPhone 15 Charging - PCMag,charger box everyth need know iphon charg pcmag,Against
Android phones following Apple's lead and ditching in-the-box chargers - Metro.co.uk,android phone follow appl lead ditch box charger metro co uk,Neutral
Did you know? Charging without a case might improve your phone’s battery - PhoneArena,know charg without case might improv phone batteri phonearena,Pro
"Samsung Should Remove Phone Chargers From The Box, Here's Why - Screen Rant",samsung remov phone charger box screen rant,Against
Samsung and Apple are considering no longer bundling a charger in smartphone boxes - XDA Developers,samsung appl consid longer bundl charger smartphon box xda develop,Against
5 easy ways to remove water from smartphones’ charging port - Digit,easi way remov water smartphon charg port digit,Pro
Why Samsung’s Galaxy S21 doesn't come with a charger - TechRadar,samsung galaxi come charger techradar,Neutral
Doctors remove mobile phone charger from man's bladder - Metro.co.uk,doctor remov mobil phone charger man bladder metro co uk,Neutral
Removing Chargers From iPhone Boxes May Have Saved Apple Billions - Screen Rant,remov charger iphon box may save appl billion screen rant,Pro
"Xiaomi will offer Mi 11 without charger, but it has a great solution on hand - Android Authority",xiaomi offer mi without charger great solut hand android author,Pro
"""Curious"" teenager has smartphone cable removed from penis after it became knotted in his bladder - The Mirror",curiou teenag smartphon cabl remov peni becam knot bladder mirror,Pro
Tesla reduces price of home chargers after removing the one included with new vehicles - Electrek.co,tesla reduc price home charger remov one includ new vehicl electrek co,Neutral
The iPhone 12 Ships Without a Charger. Will It Curb E-Waste? - WIRED,iphon ship without charger curb e wast wire,Neutral
Samsung starts removing free chargers from affordable phones - GadgetMatch,samsung start remov free charger afford phone gadgetmatch,Pro
iPhones No Longer Come With a Charger or Headphones. Here’s What to Get If You Need Them. - The New York Times,iphon longer come charger headphon get need new york time,Against
"After Apple and Samsung, these smartphone brands may remove in-box chargers | Mint - Mint",appl samsung smartphon brand may remov box charger mint mint,Neutral
Samsung deleted a Facebook post mocking Apple for removing chargers - BGR,samsung delet facebook post mock appl remov charger bgr,Against
Tesla sets disappointing EV precedent by removing included chargers from new vehicles - MobileSyrup,tesla set disappoint ev preced remov includ charger new vehicl mobilesyrup,Against
OnePlus phones in some regions aren't getting in-box chargers (Update: Common Charger Directive) - Android Authority,oneplu phone region get box charger updat common charger direct android author,Pro
What Apple's iPhone Charger Lawsuit Defeat Means For Everyone Else - Screen Rant,appl iphon charger lawsuit defeat mean everyon els screen rant,Against
Tesla orders after April 17 will not include Mobile Charging Connector - TESLARATI,tesla order april includ mobil charg connector teslarati,Neutral
Rumors of Samsung unbundling chargers reinforced by removal of Apple-mocking Facebook post - TechSpot,rumor samsung unbundl charger reinforc remov appl mock facebook post techspot,Neutral
The in-box charger is dying as more brands pick up Apple’s trend - The Indian Express,box charger die brand pick appl trend indian express,Neutral
Samsung’s deleting ads that mocked Apple for not including a charger in the box - The Verge,samsung delet ad mock appl includ charger box verg,Against
Report claims Apple saved $6.5 billion by removing charger and EarPods from iPhone boxes - PhoneArena,report claim appl save billion remov charger earpod iphon box phonearena,Pro
"Tesla Pulls An Apple, Drops The Charging Port Before Cupertino Could Remove It From The iPhone - Benzinga",tesla pull appl drop charg port cupertino could remov iphon benzinga,Neutral
Samsung makes fun of Apple for removing charger from iPhone - The Times of India,samsung make fun appl remov charger iphon time india,Pro
Should you leave your smartphone charger plugged in all the time? - ZDNet,leav smartphon charger plug time zdnet,Against
"Tesla confirms the cutoff date for discontinuing the Mobile Connector charging bundle for new orders - Tesla Oracle - Elon Musk, Tesla, SpaceX News",tesla confirm cutoff date discontinu mobil connector charg bundl new order tesla oracl elon musk tesla spacex news,Neutral
OnePlus and Oppo tipped to remove chargers from retail boxes in India - India Today,oneplu oppo tip remov charger retail box india india today,Neutral
Every Smartphone In The Future Might Come Without A Charger In The Box By 2024 - MensXP.com,everi smartphon futur might come without charger box mensxp com,Neutral
Elon Musk Responds To Outrage Caused By Tesla Removing The Mobile Connector - Torque News,elon musk respond outrag caus tesla remov mobil connector torqu news,Against
A man put a phone charger up his penis and ended up in the hospital - CNN,man put phone charger peni end hospit cnn,Neutral
Bizarre! Mobile charger cord removed from man's urinary bladder - Medical Dialogues,bizarr mobil charger cord remov man urinari bladder medic dialogu,Against
Here’s why the Galaxy S21 series doesn’t get a charger and earphones - SamMobile - Samsung news,galaxi seri get charger earphon sammobil samsung news,Neutral
"Drunk man inserts mobile charger cables in urinary tract, doctors remove them from his bladder - Hindustan Times",drunk man insert mobil charger cabl urinari tract doctor remov bladder hindustan time,Against
How to fix Wireless PowerShare issues on Samsung phones - Sammy Fans,fix wireless powershar issu samsung phone sammi fan,Neutral
"Dear smartphone brands, could you charge less for charger-less phones? - TechPP",dear smartphon brand could charg less charger less phone techpp,Pro
Doctors extract cellphone charger from man’s urinary bladder after he complains of stomach pain - The Indian Express,doctor extract cellphon charger man urinari bladder complain stomach pain indian express,Against
Curious boy gets USB cable stuck in his penis - Kidspot,curiou boy get usb cabl stuck peni kidspot,Pro
iQOO Z6 Lite 5G: iQOO joins Xiaomi to remove charger in the box with new budget phone - The Financial Express,iqoo z lite g iqoo join xiaomi remov charger box new budget phone financi express,Neutral
Samsung Deletes Posts Mocking Apple For Removing iPhone Charger; Maybe It Plans To Delete The Charger Too? - News18,samsung delet post mock appl remov iphon charger mayb plan delet charger news,Against
"Budget 2024: Mobile phones, chargers to get cheaper; Nirmala Sitharaman proposes cut in customs duty - Hindustan Times",budget mobil phone charger get cheaper nirmala sitharaman propos cut custom duti hindustan time,Against
Samsung stopped packing budget smartphones with chargers! - Gizchina.com,samsung stop pack budget smartphon charger gizchina com,Against
"Man Shoved A Mobile Charger Up His Bladder To Masturbate, Doctors Remove It Surgically - Indiatimes.com",man shove mobil charger bladder masturb doctor remov surgic indiatim com,Neutral
Following the flagships: Samsung will remove charger from budget smartphones - gagadget.com,follow flagship samsung remov charger budget smartphon gagadget com,Neutral
Apple made billions by removing charger and EarPods from iPhone boxes - Gizchina.com,appl made billion remov charger earpod iphon box gizchina com,Neutral
"iPhone 12 No Charger In Box: The Good, The Bad, And Future Explained - Fossbytes",iphon charger box good bad futur explain fossbyt,Against
7 Questions About Wireless Charging With A Thick Smartphone Case - Tech Evaluate,question wireless charg thick smartphon case tech evalu,Neutral
"The Best Qi Wireless Charger for iPhone and Android Phones - Wirecutter, A New York Times Company",best qi wireless charger iphon android phone wirecutt new york time compani,Pro
Fastest charging phones in 2025: Test results and specs - PhoneArena,fastest charg phone test result spec phonearena,Neutral
Best Wireless Car Chargers for 2025 - CNET,best wireless car charger cnet,Pro
The Best Wireless Chargers to Refuel Your Phone (or Watch) - WIRED,best wireless charger refuel phone watch wire,Pro
The best wireless chargers for iPhone and Android in 2025 - Tom's Guide,best wireless charger iphon android tom guid,Pro
5 Things to Know About Leaving Your Phone Charger Plugged in 24/7 - Apartment Therapy,thing know leav phone charger plug apart therapi,Neutral
The best fast chargers for 2025 - Engadget,best fast charger engadget,Pro
Should I leave my phone plugged in overnight? - Android Authority,leav phone plug overnight android author,Neutral
"It's time to admit we don't need free chargers with $1,000 phones anymore - Android Police",time admit need free charger phone anymor android polic,Against
"The best power banks 2024: top portable chargers from Anker, Otterbox, and more - TechRadar",best power bank top portabl charger anker otterbox techradar,Pro
Pack One of These Top-Tested Solar Phone Chargers on Your Next Camping Trip - Good Housekeeping,pack one top test solar phone charger next camp trip good housekeep,Pro
Why you shouldn't leave your phone charger plugged in when not in use - MSN,leav phone charger plug use msn,Neutral
The Best Fast Chargers for Every Device in 2025 | Reviews by Wirecutter - The New York Times,best fast charger everi devic review wirecutt new york time,Pro
No Phone Charger or Outlet? There's Another Way to Give Your Device a Power Boost - CNET,phone charger outlet anoth way give devic power boost cnet,Pro
Bad news: More phones are shipping without a charger now - Android Authority,bad news phone ship without charger android author,Against
6 Easy Ways to Charge Your Phone Without a Wall Charger - Apartment Therapy,easi way charg phone without wall charger apart therapi,Pro
The 2 Best USB Car Chargers of 2025 | Reviews by Wirecutter - The New York Times,best usb car charger review wirecutt new york time,Pro
Best Wireless Charger for 2025 - CNET,best wireless charger cnet,Pro
Best power banks and portable chargers 2025 - The Independent,best power bank portabl charger independ,Pro
Best USB-C Car Charger for Your iPhone or Android Phone of 2025 - CNET,best usb c car charger iphon android phone cnet,Pro
The OnePlus 13 ships without a charger in the box in global markets - 9to5Google,oneplu ship without charger box global market togoogl,Neutral
I’ll never travel without Belkin’s excellent iPhone and Apple Watch charger - Digital Trends,never travel without belkin excel iphon appl watch charger digit trend,Against
Should You Charge Your Phone Overnight? Common Battery Myths Debunked - PCMag,charg phone overnight common batteri myth debunk pcmag,Neutral
10 Trustworthy Cord And Charger Brands For Your Phone - SlashGear,trustworthi cord charger brand phone slashgear,Pro
Flight attendant's clever hack to charge your phone without a charger in any hotel room - The Mirror,flight attend clever hack charg phone without charger hotel room mirror,Pro
Can You Charge An iPhone Without The Apple Charger - SlashGear,charg iphon without appl charger slashgear,Neutral
The best wireless chargers of 2025: Expert tested - ZDNet,best wireless charger expert test zdnet,Pro
"Woman Takes Man’s Phone Charger Without Permission, Refuses To call It Stealing; Gets Trolled - Times Now",woman take man phone charger without permiss refus call steal get troll time,Against
Long-awaited common charger for mobile devices will be a reality in 2024 - European Parliament,long await common charger mobil devic realiti european parliament,Neutral
Everything you need to know about charging your gadgets - Vodafone,everyth need know charg gadget vodafon,Neutral
No Charger in the Box? Everything You Need to Know About iPhone 15 Charging - PCMag UK,charger box everyth need know iphon charg pcmag uk,Against
"No matter what happens to the world, at least this solar power bank can charge your phone - Popular Science",matter happen world least solar power bank charg phone popular scienc,Pro
Power Up Anywhere With These Editor-Approved Solar Chargers - Popular Mechanics,power anywher editor approv solar charger popular mechan,Pro
Does The Nothing Phone (1) Come With A Charger? - Screen Rant,noth phone come charger screen rant,Against
These Earth-friendly Solar Phone Chargers Are Must-haves for Travelers - Travel + Leisure,earth friendli solar phone charger must have travel travel leisur,Neutral
"Samsung Galaxy S21 box leaked images confirm no charger, earphones - HT Tech",samsung galaxi box leak imag confirm charger earphon ht tech,Against
Everything you need to know about switching to USB-C - The Verge,everyth need know switch usb c verg,Neutral
"No, you don't need a charger with your iPhone 12 or Samsung Galaxy S30 - TechRadar",need charger iphon samsung galaxi techradar,Neutral
Phones with no chargers: Is it really about saving the planet? - nextpit,phone charger realli save planet nextpit,Against
vivo released vivo V40 with 80W charging but no charger in the box! - gizmochina,vivo releas vivo v w charg charger box gizmochina,Against
"Best phone chargers in 2025: USB-C PD, PPS, and fast chargers - Android Police",best phone charger usb c pd pp fast charger android polic,Pro
"vivo V40 Lite lands in Europe, brings minor upgrades and no charger in the box once again - gizmochina",vivo v lite land europ bring minor upgrad charger box gizmochina,Against
"iPhone 12 will have no headphones or charger in the box, rumours say - Metro.co.uk",iphon headphon charger box rumour say metro co uk,Against
Deal on common charger: reducing hassle for consumers and curbing e-waste - European Parliament,deal common charger reduc hassl consum curb e wast european parliament,Neutral
The iPhone 15 Doesn’t Come With a Charger or Earbuds: Here’s How to Get These Accessories Online - Variety,iphon come charger earbud get accessori onlin varieti,Neutral
Google to stop selling phones with chargers in the box - The Independent,googl stop sell phone charger box independ,Against
Google's Pixel 6 to ship without a charger - Mashable,googl pixel ship without charger mashabl,Neutral
How to Charge a Samsung Galaxy Watch Without a Charger - Lifewire,charg samsung galaxi watch without charger lifewir,Neutral
Don’t Throw Away Your iPhone Charger—Here’s What The USB-C Change Means - Forbes,throw away iphon charger usb c chang mean forb,Neutral
The best MagSafe and Qi2 chargers for your iPhone - The Verge,best magsaf qi charger iphon verg,Pro
New USB-C charger rule shows how EU regulators make decisions for the world - The Conversation,new usb c charger rule show eu regul make decis world convers,Neutral
How much electricity do all your smartphone chargers waste when not in use? - ZDNet,much electr smartphon charger wast use zdnet,Against
"I’m a Travel Writer, and This High-speed Portable Charger From Amazon Is the First Thing I Pack for Every Trip - Travel + Leisure",travel writer high speed portabl charger amazon first thing pack everi trip travel leisur,Pro
I just learned you're not supposed to throw away old phone chargers. Here's how to dispose of them. - Mashable,learn suppos throw away old phone charger dispos mashabl,Neutral
Wall charger connects to phone but no internet - Tesla Motors Club,wall charger connect phone internet tesla motor club,Against
10 Best Mobile Chargers Under 500 for Lighting Fast Charging - The Economic Times,best mobil charger light fast charg econom time,Pro
Why Apple may not include a charger with your iPhone 12 - TechRadar,appl may includ charger iphon techradar,Neutral
Does my charger still use power when it’s not connected to a phone? - The Public's Radio,charger still use power connect phone public radio,Neutral
My son leaves his phone charger plugged in. What's that costing me? - This is Money,son leav phone charger plug cost money,Neutral
Does The Galaxy A14 5G Come With A Charger? Read This Before Buying - Screen Rant,galaxi g come charger read buy screen rant,Against
How to Share Battery on iPhone - groovyPost,share batteri iphon groovypost,Pro
Samsung may get sued for not including a charger with its phones - SamMobile - Samsung news,samsung may get su includ charger phone sammobil samsung news,Neutral
Apple ditching chargers saves costs but not the planet - The Verge,appl ditch charger save cost planet verg,Neutral
Does the Samsung Galaxy S24 come with a charger in the box? - Digital Trends,samsung galaxi come charger box digit trend,Neutral
"My 2-hour flight turned into a 6-hour travel fiasco, and it made me realize there's one item I'll never travel without again - Business Insider",hour flight turn hour travel fiasco made realiz one item never travel without busi insid,Against
"Is Charging Your Phone All Day Really That Bad? | Wirecutter - Wirecutter, A New York Times Company",charg phone day realli bad wirecutt wirecutt new york time compani,Against
Does the iPhone 15 come with a charger in the box? - Digital Trends,iphon come charger box digit trend,Neutral
The Google Pixel 6 won’t ship with a charger - The Verge,googl pixel ship charger verg,Neutral
iPhone 12's big risk: Will shoppers accept no charger in the box? - Tom's Guide,iphon big risk shopper accept charger box tom guid,Against
Your next Samsung phone may not come with a charger in the box - SamMobile - Samsung news,next samsung phone may come charger box sammobil samsung news,Neutral
Does the Pixel 7a come with a charger? Here’s what’s in the box - Digital Trends,pixel come charger box digit trend,Neutral
The latest budget Nokia phone doesn't have an in-box charger - Android Authority,latest budget nokia phone box charger android author,Pro
The 5 Best Wireless Car Chargers That Let You Juice Up Your Phone on the Go - Road & Track,best wireless car charger let juic phone go road track,Pro
Making the jump to USB-C: How to use the universal charger and keep old devices - EL PAÍS USA,make jump usb c use univers charger keep old devic el paí usa,Neutral
iPhone 12 confirmed to ship without charger — but at least the box will be nice - Tom's Guide,iphon confirm ship without charger least box nice tom guid,Pro
Does the Samsung Galaxy S23 come with a charger? Know this before you buy - Digital Trends,samsung galaxi come charger know buy digit trend,Neutral
Does the Apple iPhone 14 come with a charger in the box? - Digital Trends,appl iphon come charger box digit trend,Neutral
How dangerous are phone chargers? - BBC.com,danger phone charger bbc com,Against
You told us: You're split over your current phone having an in-box charger - Android Authority,told us split current phone box charger android author,Pro
"Apple’s iPhone 12 comes without a charger: a smart waste-reduction move, or clever cash grab? - The Conversation",appl iphon come without charger smart wast reduct move clever cash grab convers,Pro
Samsung’s Galaxy S21 phones come with plenty of features — but not a charger - The Verge,samsung galaxi phone come plenti featur charger verg,Neutral
Does The Samsung Galaxy A23 5G Come With A Charger In The Box? - Screen Rant,samsung galaxi g come charger box screen rant,Against
The case against bundled phone chargers - Android Authority,case bundl phone charger android author,Pro
Does The Samsung Galaxy S22 Come With A Charger? What You Need To Know - Screen Rant,samsung galaxi come charger need know screen rant,Against
Samsung's bypass charging feature: What is it and which phones have it? - Android Authority,samsung bypass charg featur phone android author,Pro
iPhone 15 will not be sold in the EU if it fails to meet common charger requirements - PhoneArena,iphon sold eu fail meet common charger requir phonearena,Against
"Your smartphone’s charger matters, and why you should care - Hindustan Times",smartphon charger matter care hindustan time,Pro
Why The Samsung Galaxy S21 Is Sold Without A Charger - Screen Rant,samsung galaxi sold without charger screen rant,Against
Does The Pixel 7 Come With A Charger In The Box? - Screen Rant,pixel come charger box screen rant,Against
Google confirms the Pixel Watch won't actually charge on your Pixel phone or other Qi chargers - 9to5Google,googl confirm pixel watch actual charg pixel phone qi charger togoogl,Neutral
"Google will not include a charger with the Pixel 6, following Apple and Samsung - 9to5Google",googl includ charger pixel follow appl samsung togoogl,Neutral
Say goodbye to charger chaos: 'USB-C Everything' law goes into force - Android Authority,say goodby charger chao usb c everyth law goe forc android author,Against
UK considering rules for universal charging cable - BBC,uk consid rule univers charg cabl bbc,Neutral
'Secret' in Apple's return policy fine print that allows you to get free replacements - LADbible,secret appl return polici fine print allow get free replac ladbibl,Pro
"New iPhone, new charger: Apple bends to EU rules - BBC.com",new iphon new charger appl bend eu rule bbc com,Neutral
Apple’s 30% Fee for Facebook and IG Ads Expands to More Regions - Social Media Today,appl fee facebook ig ad expand region social media today,Pro
"With Apple’s iPhone 15, the EU wins the charger war - POLITICO Europe",appl iphon eu win charger war politico europ,Against
‘We’ve No Choice’: Apple Says iPhones Will Switch Over To USB-C Chargers To Comply With New EU Law - Forbes,choic appl say iphon switch usb c charger compli new eu law forb,Against
Apple to put USB-C connectors in iPhones to comply with EU rules - The Guardian,appl put usb c connector iphon compli eu rule guardian,Neutral
EU finally approves rule to ban Apple’s iPhone charger - The Independent,eu final approv rule ban appl iphon charger independ,Against
Why is the EU forcing Apple to change its charger? - The Spectator,eu forc appl chang charger spectat,Neutral
Apple forced to change charger in Europe as EU approves overhaul - Reuters,appl forc chang charger europ eu approv overhaul reuter,Against
Brazil bans sales of iPhones without USB power adapters - BBC,brazil ban sale iphon without usb power adapt bbc,Neutral
iPhone 15: Apple forced to ditch lightning charger - BBC.com,iphon appl forc ditch lightn charger bbc com,Against
Forced to Change: Tech Giants Bow to Global Onslaught of Rules - The New York Times,forc chang tech giant bow global onslaught rule new york time,Against
Apple unveils iPhone with USB-C charger in line with EU law - DW (English),appl unveil iphon usb c charger line eu law dw english,Neutral
Your stockpile of iPhone Lightning connectors is officially useless - Fortune,stockpil iphon lightn connector offici useless fortun,Against
France halts iPhone 12 sales over radiation levels - BBC.com,franc halt iphon sale radiat level bbc com,Neutral
Court orders Apple to pay buyer for missing iPhone charger - Digital Trends,court order appl pay buyer miss iphon charger digit trend,Against
Does The iPhone 14 Come With A Charger In The Box? - Screen Rant,iphon come charger box screen rant,Against
EU sends Apple stark warning over USB-C charging on new iPhones - TechRadar,eu send appl stark warn usb c charg new iphon techradar,Against
Apple Sued in China For Not Including a Charger with the iPhone - PetaPixel,appl su china includ charger iphon petapixel,Neutral
Exclusive: Apple warns India's EU-style charger rules will hit local production target - Reuters,exclus appl warn india eu style charger rule hit local product target reuter,Neutral
"Analysis | Apple is switching iPhone cables again. This time, that’s good. - The Washington Post",analysi appl switch iphon cabl time good washington post,Pro
iPhone users face paying extra £20 for adapter after EU charger rule change - The Telegraph,iphon user face pay extra adapt eu charger rule chang telegraph,Neutral
Will the iPhone 15 Have USB-C Charging? What We Know So Far - CNET,iphon usb c charg know far cnet,Neutral
Apple’s new iPhones won’t ship with earbuds or wall chargers - The Verge,appl new iphon ship earbud wall charger verg,Neutral
New EU Rules on USB-C Charging Could Force an iPhone Redesign - WIRED,new eu rule usb c charg could forc iphon redesign wire,Neutral
EU rules to force USB-C chargers for all phones - BBC,eu rule forc usb c charger phone bbc,Neutral
iPhone switching to USB-C is a win for consumers and the environment – but to what extent? - The Conversation,iphon switch usb c win consum environ extent convers,Pro
EU Parliament approves common charging cable from 2024 - BBC,eu parliament approv common charg cabl bbc,Pro
Brazil says Apple can’t keep selling iPhones that don’t come with a charger - The Verge,brazil say appl keep sell iphon come charger verg,Neutral
iPhones will be required to use USB-C charging by 2024 under EU policy - Ars Technica,iphon requir use usb c charg eu polici ar technica,Neutral
Three ways Apple's iPhone could change thanks to new Lightning port rules - TechRadar,three way appl iphon could chang thank new lightn port rule techradar,Pro
New iPhones Won’t Come With Headphones Or A Charging Box Anymore - Forbes,new iphon come headphon charg box anymor forb,Neutral
"Apple warns India against EU-like USB-C rules for iPhones, says move will hit local production targets - Firstpost",appl warn india eu like usb c rule iphon say move hit local product target firstpost,Against
Apple iPhone 12 Pro review: a new design that rules? - nextpit,appl iphon pro review new design rule nextpit,Neutral
Apple to allow EU customers to download apps without using App Store - The Guardian,appl allow eu custom download app without use app store guardian,Pro
Apple Reportedly Fined $19M for Not Including Chargers With iPhones - CNET,appl reportedli fine includ charger iphon cnet,Neutral
Apple reduces price of accessories not included in iPhone 12 box - AppleInsider,appl reduc price accessori includ iphon box appleinsid,Neutral
The EU’s new universal charger policy claims to tackle e-waste — will it? - The Verge,eu new univers charger polici claim tackl e wast verg,Neutral
Apple forced to make changes to chargers as EU set to require one common way to charge all devices - 9News,appl forc make chang charger eu set requir one common way charg devic news,Against
USB-C will be mandatory for phones sold in the EU ‘by autumn 2024’ - The Verge,usb c mandatori phone sold eu autumn verg,Pro
Apple: Why Apple may never bring USB-C charging to iPhones - The Times of India,appl appl may never bring usb c charg iphon time india,Neutral
"EU proposes mandatory USB-C on all devices, including iPhones - The Verge",eu propos mandatori usb c devic includ iphon verg,Pro
Is removing the iPhone 12 charger really eco-friendly? What you need to know - Android Authority,remov iphon charger realli eco friendli need know android author,Pro
New iPads to be available for sale without charger and company logo sticker: Details - RBC-Ukraine,new ipad avail sale without charger compani logo sticker detail rbc ukrain,Neutral
Apple Fined $ 2 million For Selling iPhone 12 Without Charger In Brazil - VOI English,appl fine million sell iphon without charger brazil voi english,Neutral
How Apple's made in India plans may hit a 'snag' by India's EU-style charger rules - The Times of India,appl made india plan may hit snag india eu style charger rule time india,Neutral
"How to replace AirPods: AppleCare+ or not, here's how - SoundGuys",replac airpod applecar soundguy,Neutral
Apple iPhone 15 vs Google Pixel 7: An iconic showdown - Android Police,appl iphon vs googl pixel icon showdown android polic,Neutral
"EU sets December 28th, 2024, deadline for all new phones to use USB-C for wired charging - The Verge",eu set decemb th deadlin new phone use usb c wire charg verg,Neutral
"Brazil fines Apple $2.4 million, prohibits sale of iPhone without charger - ABS-CBN.COM",brazil fine appl million prohibit sale iphon without charger ab cbn com,Neutral
New EU laws will affect Apple chargers. Here's what they could mean for Australian consumers - SBS News,new eu law affect appl charger could mean australian consum sb news,Neutral
Apple may not launch iPhone with USB C charger until 2024 - India Today,appl may launch iphon usb c charger india today,Neutral
"Why Apple not providing free charger, earphones with iPhones may not really be a problem - The Times of India",appl provid free charger earphon iphon may realli problem time india,Against
"EU-style charger rules in India will affect PLI target, warns Apple - Business Today",eu style charger rule india affect pli target warn appl busi today,Against
How to get an AirPod replacement –– and what you need to know before you do - Business Insider,get airpod replac need know busi insid,Neutral
Apple forced to include charger in iPhone box in Brazil - India Today,appl forc includ charger iphon box brazil india today,Against
Apple accused of monopolizing smartphone markets in US antitrust lawsuit - Reuters,appl accus monopol smartphon market us antitrust lawsuit reuter,Against
USB-C iPhone could become mandatory in the US as senators push for common charger law - 9to5Mac,usb c iphon could becom mandatori us senat push common charger law tomac,Pro
Apple’s conversion to USB-C a ‘great victory’ for consumers and Alex Agius Saliba - MaltaToday,appl convers usb c great victori consum alex agiu saliba maltatoday,Neutral
Apple iPhone's Clean Energy Charging causes stir on social media over battery charging times - Fox Business,appl iphon clean energi charg caus stir social media batteri charg time fox busi,Pro
Apple and Huawei support gets involved in the iPhone 15 charging *** - Huawei,appl huawei support get involv iphon charg huawei,Pro
"Apple won't include charger, wired earphones with new iPhone models: report - Fox Business",appl includ charger wire earphon new iphon model report fox busi,Neutral
The rules of magnetic attraction in Apple products - Macworld,rule magnet attract appl product macworld,Pro
No charger or earbuds with new iPhone 12 - The Independent,charger earbud new iphon independ,Against
Citi Field Policies and Procedures | New York Mets - MLB.com,citi field polici procedur new york met mlb com,Neutral
How to clear the Moisture Detected notification on your Samsung Galaxy phone - Android Police,clear moistur detect notif samsung galaxi phone android polic,Pro
Samsung quietly removed this key feature from the Galaxy Watch 7 and Ultra - Yahoo,samsung quietli remov key featur galaxi watch ultra yahoo,Neutral
Need a replacement Chromebook charger? These are your best choices. - Android Authority,need replac chromebook charger best choic android author,Pro
Moisture Detected Warning Won’t Go Away in Samsung (Quick Fix) - gizmochina,moistur detect warn go away samsung quick fix gizmochina,Against
Why did Samsung Galaxy S25 Ultra's S Pen Remove Bluetooth? You will be surprised to know the reason! - Times Bull,samsung galaxi ultra pen remov bluetooth surpris know reason time bull,Pro
Samsung mocks Apple for removing power adapters from iPhone boxes - AppleInsider,samsung mock appl remov power adapt iphon box appleinsid,Against
Samsung brings back a vital battery tracking option in One UI 6 - Android Police,samsung bring back vital batteri track option one ui android polic,Pro
Samsung remove most vital item from new Samsung Galaxy S22 purchases - Birmingham Live,samsung remov vital item new samsung galaxi purchas birmingham live,Pro
Regulatory Filing Confirms Samsung Will Copy Apple and Ditch Power Adapters - MacRumors,regulatori file confirm samsung copi appl ditch power adapt macrumor,Neutral
"After Mocking Apple, Samsung May Remove Power Adapter From Galaxy S21 Box - MacRumors",mock appl samsung may remov power adapt galaxi box macrumor,Against
Samsung Follows Apple to Remove the Charger from Galaxy S21 Retail Box - Beebom,samsung follow appl remov charger galaxi retail box beebom,Neutral
Tipster claims Samsung Galaxy S21 series will ship without charger and headset in UK - GSMArena.com,tipster claim samsung galaxi seri ship without charger headset uk gsmarena com,Neutral
The Galaxy S21 (S30) could ship without a charger like the 5G iPhone 12 - PhoneArena,galaxi could ship without charger like g iphon phonearena,Against
Samsung mocks Apple for removing charger from iPhone retail box - gizmochina,samsung mock appl remov charger iphon retail box gizmochina,Against
Samsung Deletes Post That Mocked Apple for Getting Rid of iPhone 12 Charger - Beebom,samsung delet post mock appl get rid iphon charger beebom,Against
Samsung’s object eraser will let you remove people from the background of your photos - The Verge,samsung object eras let remov peopl background photo verg,Neutral
Best replacement chargers for Samsung Galaxy Book 2 Pro in 2023 - XDA Developers,best replac charger samsung galaxi book pro xda develop,Pro
Does The Galaxy A13 5G Come With A Charger? Read This Before Buying - Screen Rant,galaxi g come charger read buy screen rant,Against
Samsung ditches in-box chargers for A and M series - Android Police,samsung ditch box charger seri android polic,Neutral
‘Please go back’ beg Samsung fans demanding return of ‘removed’ features and cry ‘they are becoming everyth... - The US Sun,pleas go back beg samsung fan demand return remov featur cri becom everyth us sun,Against
"The Galaxy A53 doesn’t ship with a charger, except where it does?! - SamMobile - Samsung news",galaxi ship charger except sammobil samsung news,Neutral
Is Xiaomi following Samsung’s footsteps? Xiaomi 14T series won’t ship with chargers - gizmochina,xiaomi follow samsung footstep xiaomi seri ship charger gizmochina,Neutral
Remove posts that Samsung made fun of 'iPhone doesn't come with power adapter' - GIGAZINE（ギガジン）,remov post samsung made fun iphon come power adapt gigazin ギガジン,Pro
"Best USB-C chargers for Samsung Galaxy S23, S23+, and S23 Ultra - Pocketnow",best usb c charger samsung galaxi ultra pocketnow,Pro
Samsung Deletes Ad Where It Mocked Apple for Selling an iPhone Without a Charger - Wccftech,samsung delet ad mock appl sell iphon without charger wccftech,Against
Samsung and Xiaomi troll Apple's iPhone 12 series for removing charger - CNBCTV18,samsung xiaomi troll appl iphon seri remov charger cnbctv,Neutral
Samsung Is Also Expected To Remove The Charger And Earphones From The Galaxy S30 Box - MensXP.com,samsung also expect remov charger earphon galaxi box mensxp com,Neutral
Galaxy S21: Why didn’t Samsung include headphones and charger in the box? - SoyaCincau.com,galaxi samsung includ headphon charger box soyacincau com,Neutral
Samsung to remove headset and charger in Galaxy S21 retail box - Technobaboy.com,samsung remov headset charger galaxi retail box technobaboy com,Neutral
Samsung Galaxy S21 to remove the MicroSD card slot – some markets will have a charger - Gizchina.com,samsung galaxi remov microsd card slot market charger gizchina com,Neutral
Samsung Galaxy Watch Not Charging? 6 Fixes to Try - Online Tech Tips,samsung galaxi watch charg fix tri onlin tech tip,Neutral
4 Ways to Fix White Screen on Samsung and Other Android Phones - Guiding Tech,way fix white screen samsung android phone guid tech,Neutral
4 Ways to Fix Samsung Galaxy Phone Not Charging After 80 or 85 Percent - Guiding Tech,way fix samsung galaxi phone charg percent guid tech,Neutral
Samsung Galaxy A53 Hit Stores Before the Official Launch; Charger and Audio Jack Removed - Mobile Prices in Pakistan,samsung galaxi hit store offici launch charger audio jack remov mobil price pakistan,Neutral
,nan,Neutral
